-- phpMyAdmin SQL Dump
-- version 4.9.5deb2
-- https://www.phpmyadmin.net/
--
-- Host: localhost:3306
-- Generation Time: Oct 27, 2022 at 12:05 PM
-- Server version: 8.0.31-0ubuntu0.20.04.1
-- PHP Version: 7.4.3

SET SQL_MODE = "NO_AUTO_VALUE_ON_ZERO";
SET AUTOCOMMIT = 0;
START TRANSACTION;
SET time_zone = "+00:00";


/*!40101 SET @OLD_CHARACTER_SET_CLIENT=@@CHARACTER_SET_CLIENT */;
/*!40101 SET @OLD_CHARACTER_SET_RESULTS=@@CHARACTER_SET_RESULTS */;
/*!40101 SET @OLD_COLLATION_CONNECTION=@@COLLATION_CONNECTION */;
/*!40101 SET NAMES utf8mb4 */;

--
-- Database: `arogyapradhan`
--

-- --------------------------------------------------------

--
-- Table structure for table `accounts`
--

CREATE TABLE `accounts` (
  `account_id` int NOT NULL,
  `account_token` text NOT NULL,
  `company_name` varchar(200) NOT NULL,
  `country_name` varchar(300) NOT NULL,
  `plan_id` int NOT NULL,
  `preference` text NOT NULL,
  `status` int NOT NULL,
  `created_at` datetime NOT NULL,
  `updated_at` datetime NOT NULL
) ENGINE=InnoDB DEFAULT CHARSET=latin1;

--
-- Dumping data for table `accounts`
--

INSERT INTO `accounts` (`account_id`, `account_token`, `company_name`, `country_name`, `plan_id`, `preference`, `status`, `created_at`, `updated_at`) VALUES
(1, 'dgaffw', 'fassssserwerdf', 'dfaefwrgvfv', 75754278, 'dfasdgergedgvdfg', 1, '2022-07-26 00:00:00', '2022-07-26 00:00:00');

-- --------------------------------------------------------

--
-- Table structure for table `agent`
--

CREATE TABLE `agent` (
  `agent_id` int NOT NULL,
  `added_by` int NOT NULL,
  `district` int NOT NULL,
  `hospital_id` int NOT NULL,
  `distributor_id` int NOT NULL,
  `agent_image` varchar(255) NOT NULL,
  `agent_name` varchar(100) NOT NULL,
  `contact_number` varchar(20) NOT NULL,
  `email_id` varchar(100) NOT NULL,
  `password` varchar(200) NOT NULL,
  `hash` varchar(200) NOT NULL,
  `otp` int NOT NULL,
  `status` tinyint NOT NULL,
  `created_at` datetime NOT NULL,
  `updated_at` datetime NOT NULL
) ENGINE=InnoDB DEFAULT CHARSET=latin1;

--
-- Dumping data for table `agent`
--

INSERT INTO `agent` (`agent_id`, `added_by`, `district`, `hospital_id`, `distributor_id`, `agent_image`, `agent_name`, `contact_number`, `email_id`, `password`, `hash`, `otp`, `status`, `created_at`, `updated_at`) VALUES
(10, 2, 2, 20, 16, 'images/20220804T070511313Z920452/bird1.jpg', 'suresh', '9440689814', 'suresh@gmail.com', '', '', 1234, 1, '2022-08-04 12:35:11', '2022-08-04 12:35:11'),
(15, 1, 12, 381, 16, 'images/20220819T054332201Z799496/bird1.jpg', 'keethi', '6985231470', 'keerthi@gmail.com', '', '', 0, 0, '2022-08-19 11:13:32', '2022-08-19 11:13:32'),
(33, 0, 14, 0, 24, 'images/20220907T105942735Z695231/1662548375611.jpg', 'Dushyanth Yadav', 'dushyanth@gmail.com', '9631478520', '', '', 0, 0, '0000-00-00 00:00:00', '2022-09-07 16:29:43'),
(45, 1, 15, 386, 30, 'images/20220908T112626796Z493068/image (5).png', 'Test', '8134440981', 'testagent@gmail.com', 'a810ba94304db33db1e5141328f5fd94', '6123973083265342', 0, 1, '2022-09-08 16:56:27', '2022-09-08 16:56:27'),
(47, 1, 17, 389, 31, 'images/20220910T110355454Z462031/1M.png', 'Rahul', '9874563110', 'rahull@gmail.com', 'MTIzNDU2', '4096404535881153', 1234, 0, '2022-09-10 16:33:55', '2022-09-10 16:33:55'),
(48, 1, 19, 390, 20, 'images/20220912T081034866Z312023/543.png', 'testttT', '7676767676', 'testing123@gmail.com', '74a2a0396c1b42593e9b1e9ec59b6229', '3026353013346533', 0, 0, '2022-09-12 13:40:35', '2022-09-12 13:40:35'),
(49, 1, 7, 388, 15, 'images/20220912T092041226Z907454/download (1).jpeg', 'trial', '7896541230', 'trail@gmail.com', 'MTIzNDU2', '4744892314965468', 1234, 1, '2022-09-12 14:50:41', '2022-09-12 14:50:41'),
(51, 1, 20, 391, 20, 'images/20220912T145636532Z325583/Screenshot from 2022-09-12 20-20-30.png', 'Arjun', '7595351545', 'arjun@gmail.com', 'MTIzNDU2', '4744892314965468', 1234, 1, '2022-09-12 20:26:37', '2022-09-12 20:26:37'),
(55, 1, 8, 391, 15, 'images/20220913T101336717Z762912/3.jpg', 'bharat', '7898989000', 'bharat123@gmail.com', 'MTIzNDU2', '3171331372022254', 1234, 0, '2022-09-13 15:43:37', '2022-09-13 15:43:37'),
(58, 0, 22, 0, 22, 'images/20220913T122503709Z067929/insta.jpeg', 'mahi', '98989767612', 'mahi@gmail.com', 'd88f9b9abd934096dfb72d8f7ee0738f', '6433880929148222', 0, 0, '2022-09-13 17:55:04', '2022-09-13 17:55:04'),
(62, 0, 1, 0, 22, 'images/20220913T131524104Z759326/pg.png', 'ssdfdfg', '6888684892', 'sdgf@gmail.com', '162d76822bc6ef320d5dbb426333d78f', '6802321230386553', 0, 1, '2022-09-13 18:39:55', '2022-09-13 18:39:55'),
(72, 1, 21, 393, 16, 'images/20220914T111226265Z305397/1.jpg', 'utyfu', '7897890678', 'dfsgs@fghgf.in', '5a27a112aa8a970c815d306bd616e4c6', '3523914313423335', 0, 0, '2022-09-14 16:42:26', '2022-09-14 16:42:26'),
(73, 0, 10, 0, 16, 'images/20220914T115222466Z873252/bird1.jpg', 'one person', '9631230012', 'child123@gmail.com', 'MTIzNDU2', '7446256411102155', 1234, 1, '2022-09-14 17:22:22', '2022-09-14 17:22:22'),
(80, 1, 24, 397, 0, 'images/20220917T062735557Z454118/bird1.jpg', 'kerthi', '7532410689', 'kerthi@gmail.com', 'MTIzNDU2', '6154655226856635', 1234, 1, '2022-09-17 11:57:36', '2022-09-17 11:57:36'),
(82, 1, 7, 394, 0, 'images/20220917T084453712Z913679/download (1).jpeg', 'fgsdfs', '7896542310', 'adf@gmail.com', 'd85f6f5561813b2673d8217590608a7d', '3231651942821845', 0, 1, '2022-09-17 14:14:54', '2022-09-17 14:14:54'),
(83, 1, 6, 378, 0, 'images/20220917T085527336Z073003/download (1).jpeg', 'kkill', '8521479630', 'kill@gmail.com', 'MTIzNA==', '2215362426105055', 1234, 1, '2022-09-17 14:25:27', '2022-09-17 14:25:27'),
(84, 0, 0, 0, 24, '2435497327021030', '30', 'images/20220917T0957', 'Dushyanth Yadav@344Ff', 'dushyanth.yadav.rasapollu@gmail.com', '9855533566', 0, 1, '2022-09-17 15:27:32', '2022-09-17 15:27:32'),
(85, 0, 15, 0, 24, '7623533299968445', '30', 'images/20220917T0957', 'Dushyanth Yadav@344Ff', 'dushyanth.yadav.rasapollu@gmail.com', '9855533566', 0, 1, '2022-09-17 15:27:48', '2022-09-17 15:27:48'),
(86, 0, 0, 0, 24, '5527594256773593', '30', 'images/20220917T1001', 'Dushyanth Yadav', 'dushyanthyadav2001@gmail.com', '8556285285', 0, 1, '2022-09-17 15:31:07', '2022-09-17 15:31:07'),
(87, 1, 25, 398, 30, 'images/20220917T130112117Z517854/download.jpeg', 'Praneetha', '7585654595', 'Praneetha@gmail.com', 'MTIzNDU2', '1939697462619241', 1234, 1, '2022-09-17 18:31:12', '2022-09-17 18:31:12'),
(92, 0, 25, 0, 31, 'images/20220919T091628407Z919575/1663578964200.jpg', 'varun@gmail.com', '9464649464', 'varun@gmail.com', 'MTIzNDU2', '7054635165252346', 1234, 1, '2022-09-19 14:46:28', '2022-09-19 14:46:28'),
(93, 1, 6, 19, 0, 'images/20220919T122141260Z966802/bird1.jpg', 'hjjt', '7859632410', 'hfxh@gmail.com', 'a141112ab1ffa3e62e9dc2b82b651b78', '3921232012244261', 0, 1, '2022-09-19 17:51:41', '2022-09-19 17:51:41'),
(94, 1, 26, 399, 0, 'images/20220920T085632535Z451674/download (1).jpeg', 'abidsAgent', '8974562310', 'abidsA@gmail.com', 'MTIzNDU2', '6556135391523632', 1234, 1, '2022-09-20 14:26:33', '2022-09-20 14:26:33'),
(95, 0, 26, 0, 32, 'images/20220920T135227973Z206958/1663681929086.jpg', 'dtdyfyyf', '9632587410', 'gfdfg@gmail.com', '3d99116e283f51c310060aa20da7ddc3', '1413546831168465', 0, 1, '2022-09-20 19:22:28', '2022-09-20 19:22:28'),
(96, 1, 27, 400, 0, 'images/20220927T122128299Z013039/8.jpg', 'test', '7897897890', 'test@gmail.com', 'MTIzNDU2', '', 1234, 1, '2022-09-27 17:51:28', '2022-09-27 17:51:28'),
(97, 0, 8, 0, 16, 'images/20220927T134950643Z024042/insta.jpeg', 'aasff', 'sdfsdg@gmail.com', '97416545465', 'MTIzNDU2', '', 0, 0, '2022-09-27 19:19:51', '2022-09-27 19:19:51'),
(98, 0, 8, 0, 16, 'images/20220927T135012390Z354765/insta.jpeg', 'aasff', 'sdfsdg@gmail.com', '97416545465', 'MTIzNDU2', '', 0, 0, '2022-09-27 19:20:12', '2022-09-27 19:20:12'),
(99, 0, 8, 0, 16, 'images/20220927T135149290Z965137/IMG_20220922_223734.jpg', 'jdjd', '6868959656', 'xbhx@gmail.com', 'MTIzNDU2', '', 0, 0, '2022-09-27 19:21:49', '2022-09-27 19:21:49'),
(100, 0, 8, 0, 16, 'images/20220927T135155697Z929924/IMG_20220922_223734.jpg', 'jdjd', '6868959656', 'xbhx@gmail.com', 'MTIzNDU2', '', 0, 0, '2022-09-27 19:21:56', '2022-09-27 19:21:56'),
(101, 0, 8, 0, 16, 'images/20220927T151846001Z423602/1664291889775.jpg', 'sufi', '9494949464', 'sifu@gmail.com', 'MTIzNDU2', '', 0, 0, '2022-09-27 20:48:46', '2022-09-27 20:48:46'),
(102, 0, 8, 0, 16, 'images/20220929T044534390Z043581/IMG_20220925_174351.jpg', 'dvvdvrv', '8989895845', 'dggrgr@gmail.com', 'MTIzNDU2', '', 0, 0, '2022-09-29 10:15:34', '2022-09-29 10:15:34'),
(103, 0, 28, 401, 1, 'images/20220929T051304683Z788444/5m.png', 'Sufiyann', '8575956545', 'sufi123@gmail.com', 'MTIzNDU2', '', 0, 1, '2022-09-29 10:43:05', '2022-09-29 10:43:05'),
(104, 0, 28, 0, 35, 'images/20220929T054818090Z319927/IMG_20220922_223734.jpg', 'mukesh', '8941000005', 'mukesh@gmail.com', 'MTIzNDU2', '', 0, 1, '2022-09-29 11:18:18', '2022-09-29 11:18:18'),
(105, 0, 28, 401, 1, 'images/20220929T063534529Z796724/nodejsPic.jpg', 'aduri varun', '9875642310', 'varun123@gmail.com', 'MTIzNDU2', '', 0, 1, '2022-09-29 12:05:35', '2022-09-29 12:05:35'),
(106, 0, 8, 0, 16, 'images/20220929T083527190Z636766/IMG_20220925_174351.jpg', 'fbbf', '9859240000', 'gdrgg@gmail.com', 'MTIzNDU2', '', 1234, 0, '2022-09-29 14:05:27', '2022-09-29 14:05:27'),
(107, 0, 28, 402, 1, 'images/20220929T101217427Z624379/download (1).jpeg', 'fghrt', '8569742130', 'gdrgg@gmail.com', 'MTIzNDU2', '', 0, 0, '2022-09-29 15:42:17', '2022-09-29 15:42:17'),
(108, 0, 25, 398, 1, 'images/20220929T101627124Z630333/download.jpeg', 'dfhsdf', '7598632410', 'gdrgg@gmail.com', 'MTIzNDU2', '', 0, 1, '2022-09-29 15:46:27', '2022-09-29 15:46:27'),
(109, 0, 28, 0, 35, 'images/20220929T101651229Z191701/1664446563497.jpg', 'Bharat Kumar ub', '8665222523', 'sureshert@gmail.com', 'MTIzNDU2', '', 0, 0, '2022-09-29 15:46:51', '2022-09-29 15:46:51'),
(110, 0, 28, 0, 35, 'images/20220929T101717604Z060914/Screenshot_2022-09-28-16-45-05-596_com.android.chrome.jpg', 'bhhhh', '8553332555', 'sureshtyu@gmail.com', 'MTIzNDU2', '', 1234, 1, '2022-09-29 15:47:18', '2022-09-29 15:47:18'),
(111, 0, 29, 403, 1, 'images/20220929T104914503Z201353/5.jpg', 'tyht', '7865432134', 'hgtr@fgh.in', 'MTIzNDU2', '', 1234, 1, '2022-09-29 16:19:15', '2022-09-29 16:19:15'),
(112, 0, 29, 403, 1, 'images/20220929T115804128Z796587/5dd556ebfd9db27da00d6674.jpeg', 'tesy', '7897897899', 'testyy@gmail.com', 'MTIzNDU2', '', 0, 1, '2022-09-29 17:28:04', '2022-09-29 17:28:04'),
(113, 0, 30, 405, 1, 'images/20220929T123919441Z380541/images (8).jpeg', 'oneagent', '6786786789', 'oneagent@gmail.com', 'MTIzNDU2', '', 0, 1, '2022-09-29 18:09:19', '2022-09-29 18:09:19'),
(114, 0, 31, 406, 1, 'images/20220929T124301681Z368401/download (10).jpeg', 'twoagent', '6786786535', 'twoagent@gmail.com', 'MTIzNDU2', '', 0, 1, '2022-09-29 18:13:02', '2022-09-29 18:13:02'),
(115, 0, 32, 407, 1, 'images/20220929T124345838Z006330/images (9).jpeg', 'threeagent', '8908908765', 'threeagent@gmail.com', 'MTIzNDU2', '', 0, 1, '2022-09-29 18:13:46', '2022-09-29 18:13:46'),
(116, 0, 8, 0, 16, 'images/20220930T103339546Z847027/IMG_20220911_002032.jpg', 'Ramkjkkk', '7095099999', 'midss@gmail.com', 'MTIzNDU2', '', 0, 0, '2022-09-29 20:32:56', '2022-09-29 20:32:56'),
(117, 0, 32, 0, 41, 'images/20220930T045043901Z513717/1664513427747.jpg', 'Dushyanth Yadav', '6434646464', 'dushyaa@gmail.com', 'MTIzNDU2', '', 0, 1, '2022-09-30 10:20:44', '2022-09-30 10:20:44'),
(121, 0, 10, 0, 16, 'images/20220930T071531107Z635191/nodejsPic.jpg', 'one person', '9856324710', 'varunking@gmail.com', 'MTIzNDU2', '', 0, 1, '2022-09-30 12:45:31', '2022-09-30 12:45:31'),
(122, 0, 8, 0, 16, 'images/20220930T072115195Z691068/IMG_20220922_223734.jpg', 'yhyt', '7889511528', 'vswfwefw@gmail.com', 'MTIzNDU2', '', 0, 0, '2022-09-30 12:45:36', '2022-09-30 12:45:36'),
(123, 0, 33, 0, 42, 'images/20220930T073512703Z289709/1664523305058.jpg', 'testag@gmail.com', 'testag@mail.com', '8181323980', 'MTIzNDU2', '', 0, 1, '2022-09-30 13:05:13', '2022-09-30 13:05:13'),
(124, 0, 33, 0, 42, 'images/20220930T074154870Z114572/Screenshot_20240917-132424_Arogya Pradhan.jpg', 'testagent', 'testag123@mail.com', '8183691472', 'MTIzNDU2', '', 0, 1, '2022-09-30 13:11:55', '2022-09-30 13:11:55'),
(125, 0, 33, 409, 1, 'images/20220930T074610472Z717029/chart5.jpg', 'testagent', '8188180986', 'testag123@mail.com', 'MTIzNDU2', '', 1234, 1, '2022-09-30 13:16:10', '2022-09-30 13:16:10'),
(126, 0, 8, 0, 16, 'images/20221008T125250790Z070258/IMG-20221008-WA0006.jpg', 'sai', '9999999999', 'hhhh@ghhh.vgh', 'MTIzNDU2', '', 0, 1, '2022-09-30 15:05:09', '2022-09-30 15:05:09'),
(127, 0, 33, 0, 42, 'images/20220930T100944300Z018619/1664532563205.jpg', 'dushyanth', '8695332525', 'suresrrrrrh@gmail.com', 'MTIzNDU2', '', 0, 1, '2022-09-30 15:39:44', '2022-09-30 15:39:44'),
(128, 0, 33, 0, 42, 'images/20220930T101019444Z378150/1664532603278.jpg', 'leela', '9823357384', 'sureshgggg@gmail.com', 'MTIzNDU2', '', 0, 1, '2022-09-30 15:40:19', '2022-09-30 15:40:19'),
(129, 0, 31, 406, 42, 'images/20220930T101051527Z274756/1664532630792.jpg', 'Bharat Kumar', '9866523555', 'sureshgggghh@gmail.com', 'MTIzNDU2', '', 0, 1, '2022-09-30 15:40:52', '2022-09-30 15:40:52'),
(130, 0, 32, 407, 1, 'images/20220930T113557347Z139105/1.jpg', 'test', '8765432345', 'tes@gmail.com', 'MTIzNDU2', '', 1234, 0, '2022-09-30 17:05:57', '2022-09-30 17:05:57'),
(131, 0, 33, 409, 1, 'images/20221006T130656176Z506883/download.jpeg', 'hsfh', '8456978521', 'fhsfhf@gmail.com', 'MTIzNDU2', '', 0, 1, '2022-10-06 18:36:56', '2022-10-06 18:36:56'),
(132, 0, 32, 412, 1, 'images/20221006T130818006Z727091/download.jpeg', 'Akshs', '8459785485', 'akash12345@gmail.com', 'MTIzNDU2', '', 0, 1, '2022-10-06 18:38:18', '2022-10-06 18:38:18'),
(133, 0, 8, 0, 16, 'images/20221008T125512180Z180781/IMG-20221008-WA0004.jpg', 'jdjdjx', '5959989889', 'djjdnxjdjxkx@gmail.com', 'MTIzNDU2', '', 0, 0, '2022-10-08 18:25:12', '2022-10-08 18:25:12'),
(134, 0, 8, 0, 16, 'images/20221011T114341376Z999717/IMG_20221008_202714.jpg', 'jxjxnxnx', '9868989989', 'hcjdnz@gmail.com', 'MTIzNDU2', '', 0, 0, '2022-10-11 17:13:41', '2022-10-11 17:13:41'),
(135, 0, 8, 381, 16, 'images/20221011T114604242Z612186/IMG_20221008_202714.jpg', 'xbdjdn', '6868988998', 'hxhd@gmail.com', 'MTIzNDU2', '', 0, 1, '2022-10-11 17:16:04', '2022-10-11 17:16:04'),
(136, 0, 35, 413, 1, 'images/20221015T093509413Z086298/download.jpeg', 'varun', '7896587485', 'varun1234@gmail.com', 'MTIzNDU2', '', 0, 0, '2022-10-15 14:40:54', '2022-10-15 14:40:54'),
(137, 1, 35, 413, 0, 'images/20221015T094041231Z345382/download (1).jpeg', 'varun', '8478965875', 'varun1234@gmail.com', 'MTIzNDU2', '', 0, 0, '2022-10-15 15:10:41', '2022-10-15 15:10:41'),
(138, 1, 35, 413, 0, 'images/20221015T094437855Z767880/download (1).jpeg', 'varun', '8748748745', 'varun1234@gmail.com', 'MTIzNDU2', '', 0, 1, '2022-10-15 15:14:38', '2022-10-15 15:14:38'),
(139, 1, 35, 413, 47, 'images/20221015T104043232Z205382/download.jpeg', 'varun', '8748748745', 'varun1234@gmail.com', 'MTIzNDU2', '', 1234, 0, '2022-10-15 16:10:43', '2022-10-15 16:10:43'),
(140, 1, 36, 414, 49, 'images/20221018T055854388Z433049/download (1).jpeg', 'RAJKUMar', '9856589565', 'rajkumar@gmail.com', 'MTIzNDU2', '', 1234, 1, '2022-10-18 11:28:54', '2022-10-18 11:28:54'),
(141, 1, 31, 406, 39, 'images/20221018T123831182Z284938/download (1).jpeg', 'bharathhhh', '9875787578', 'bharathuuu987@gmail.com', 'MTIzNDU2', '', 0, 1, '2022-10-18 18:08:31', '2022-10-18 18:08:31'),
(142, 0, 38, 0, 52, 'images/20221018T142319157Z832733/1666102958071.jpg', 'vizagA', '9652487542', 'vizagA@gmail.com', 'MTIzNDU2', '', 0, 1, '2022-10-18 19:53:19', '2022-10-18 19:53:19'),
(148, 1, 40, 419, 54, 'images/20221019T053400261Z375728/10.jpg', 'testttttt', '87678909', 'te123@gmail.com', 'MTIzNDU2', '', 0, 1, '2022-10-19 11:04:00', '2022-10-19 11:04:00'),
(149, 1, 40, 419, 54, 'images/20221019T053435646Z557559/6.jpg', 'testttttttttt', '8765432345', 'dfg@gmail.col', 'MTIzNDU2', '', 1234, 1, '2022-10-19 11:04:36', '2022-10-19 11:04:36'),
(150, 0, 40, 0, 54, 'images/20221019T064955599Z956327/1666162043443.jpg', 'bghhg', '856366', 'bffyg@ffffg.com', 'MTIzNDU2', '', 0, 1, '2022-10-19 12:19:56', '2022-10-19 12:19:56'),
(151, 0, 40, 0, 54, 'images/20221019T065756934Z927986/1666162647443.jpg', 'ggg', '9582336633', 'yhgh@hotmail.com', 'MTIzNDU2', '', 0, 0, '2022-10-19 12:27:57', '2022-10-19 12:27:57'),
(152, 0, 40, 0, 54, 'images/20221019T070153669Z735916/1666162903851.jpg', 'ghh', '9625533396', 'hgh@hotmail.com', 'MTIzNDU2', '', 0, 1, '2022-10-19 12:31:54', '2022-10-19 12:31:54'),
(154, 0, 40, 419, 54, 'images/20221019T084138377Z701930/nodejsPic.jpg', 'efwef', '8957458788', 'rgwer@gmail.com', 'MTIzNDU2', '', 1234, 1, '2022-10-19 14:11:38', '2022-10-19 14:11:38'),
(155, 1, 49, 431, 56, 'images/20221020T121127488Z916664/download (1).jpeg', 'someone', '9586598555', 'someone@gmaill.com', 'MTIzNDU2', '', 0, 1, '2022-10-20 17:41:27', '2022-10-20 17:41:27'),
(156, 0, 49, 0, 56, 'images/20221021T074019948Z326201/1811705957_receipt.jpg', 'fjdjjd', '9595988998', 'nxjs@gmail.com', 'MTIzNDU2', '', 0, 1, '2022-10-21 13:10:20', '2022-10-21 13:10:20'),
(157, 0, 37, 0, 52, 'images/20221022T071133212Z535063/IMG-20221021-WA0001.jpg', 'ramesh', '9966541236', 'ramesh@gmail.com', 'MTIzNDU2', '', 0, 1, '2022-10-22 07:11:33', '2022-10-22 07:11:33'),
(158, 0, 37, 0, 52, 'images/20221022T071419294Z703867/IMG-20221021-WA0001.jpg', 'akhil', '9966123844', 'akhil101@gmail.com', 'MTIzNDU2', '', 0, 1, '2022-10-22 07:14:19', '2022-10-22 07:14:19');

-- --------------------------------------------------------

--
-- Table structure for table `b`
--

CREATE TABLE `b` (
  `billing_id` int NOT NULL,
  `created_date` varchar(200) NOT NULL,
  `user_id` int NOT NULL,
  `hospital_id` int NOT NULL,
  `district_id` int NOT NULL,
  `status` int NOT NULL,
  `bill_no` varchar(300) NOT NULL,
  `amount_paid` int NOT NULL,
  `payment_status` int NOT NULL,
  `created_at` datetime NOT NULL,
  `updated_at` datetime NOT NULL
) ENGINE=InnoDB DEFAULT CHARSET=latin1;

--
-- Dumping data for table `b`
--

INSERT INTO `b` (`billing_id`, `created_date`, `user_id`, `hospital_id`, `district_id`, `status`, `bill_no`, `amount_paid`, `payment_status`, `created_at`, `updated_at`) VALUES
(1, '14-05-2002', 378, 2, 0, 1, '#dfgsd25486fg', 5000, 0, '2022-07-26 00:00:00', '2022-08-03 00:00:00'),
(2, '10-01-2023', 379, 1, 2, 1, 'defgesa21450fee', 10000, 0, '2022-08-17 00:00:00', '2022-08-11 00:00:00');

-- --------------------------------------------------------

--
-- Table structure for table `bill_details`
--

CREATE TABLE `bill_details` (
  `bill_id` int NOT NULL,
  `user_id` int NOT NULL,
  `district_id` int NOT NULL,
  `bill_number` varchar(200) NOT NULL,
  `bill_amount` varchar(200) NOT NULL,
  `bill_image` varchar(300) NOT NULL,
  `payable_amount` varchar(200) NOT NULL,
  `status` int NOT NULL,
  `payment_status` int NOT NULL,
  `scanned_date` datetime NOT NULL,
  `created_at` datetime NOT NULL,
  `updated_at` datetime NOT NULL
) ENGINE=InnoDB DEFAULT CHARSET=latin1;

--
-- Dumping data for table `bill_details`
--

INSERT INTO `bill_details` (`bill_id`, `user_id`, `district_id`, `bill_number`, `bill_amount`, `bill_image`, `payable_amount`, `status`, `payment_status`, `scanned_date`, `created_at`, `updated_at`) VALUES
(179, 560, 26, '102102', '2000', 'images/20220921T141303105Z678428/download.jpeg', '1200', 1, 1, '0000-00-00 00:00:00', '2022-09-21 19:43:03', '2022-09-21 19:43:03'),
(180, 561, 26, '25643000', '5456166', 'images/20220922T050636411Z639921/bird1.jpg', '3273699.5999999996', 1, 0, '0000-00-00 00:00:00', '2022-09-22 10:36:36', '2022-09-22 10:36:36'),
(181, 561, 26, '10021022', '52000', 'images/20220922T050714648Z529102/download.jpeg', '31200', 1, 1, '0000-00-00 00:00:00', '2022-09-22 10:37:15', '2022-09-22 10:37:15'),
(182, 575, 29, '2', '2', 'images/20220929T110012921Z635994/a.jpg', '1.2', 1, 1, '0000-00-00 00:00:00', '2022-09-29 16:30:13', '2022-09-29 16:30:13'),
(183, 580, 33, '678', '55', 'images/20220930T102858751Z648955/a.jpg', '33', 1, 0, '0000-00-00 00:00:00', '2022-09-30 15:58:59', '2022-09-30 15:58:59'),
(184, 580, 33, '77', '55', 'images/20220930T102946117Z108485/a.jpg', '33', 1, 1, '0000-00-00 00:00:00', '2022-09-30 15:59:46', '2022-09-30 15:59:46'),
(185, 579, 33, '78', '56', 'images/20220930T103207672Z603566/a.jpg', '33.599999999999994', 1, 1, '0000-00-00 00:00:00', '2022-09-30 16:02:08', '2022-09-30 16:02:08'),
(186, 579, 33, '56', '45', 'images/20220930T131538023Z533750/a.jpg', '27', 1, 1, '0000-00-00 00:00:00', '2022-09-30 18:45:38', '2022-09-30 18:45:38'),
(187, 589, 36, '35464664', '52200', 'images/20221018T065833978Z458204/download (1).jpeg', '31320', 1, 1, '2022-10-18 12:28:38', '2022-10-18 12:28:34', '2022-10-18 12:28:34'),
(188, 589, 36, '0002558220', '6000', 'images/20221018T072541600Z184417/download (1).jpeg', '3600', 1, 1, '2022-10-18 12:55:46', '2022-10-18 12:55:42', '2022-10-18 12:55:42'),
(189, 589, 36, '56846463', '1000', 'images/20221018T101625669Z489045/dummy.pdf', '600', 1, 0, '0000-00-00 00:00:00', '2022-10-18 15:46:26', '2022-10-18 15:46:26'),
(190, 589, 36, '000000000', '12121', 'images/20221018T102828681Z694177/download (1).jpeg', '7272.6', 1, 1, '2022-10-18 15:58:36', '2022-10-18 15:58:29', '2022-10-18 15:58:29'),
(191, 589, 36, '11111111', '5000', 'images/20221018T103746220Z918948/dummy.pdf', '3000', 1, 1, '2022-10-18 16:07:51', '2022-10-18 16:07:46', '2022-10-18 16:07:46'),
(192, 589, 36, '4631131321', '200', 'images/20221018T111628950Z125580/pdf downloaded.pdf', '120', 1, 1, '2022-10-18 16:46:33', '2022-10-18 16:46:29', '2022-10-18 16:46:29'),
(193, 589, 36, '2012012012012', '20202', 'images/20221018T112837134Z819241/pclist (1).pdf', '12121.2', 1, 0, '0000-00-00 00:00:00', '2022-10-18 16:58:37', '2022-10-18 16:58:37'),
(194, 589, 36, '2012012', '20202', 'images/20221018T113814035Z720553/download (1).jpeg', '12121.2', 1, 1, '2022-10-18 17:14:38', '2022-10-18 17:08:14', '2022-10-18 17:08:14'),
(195, 589, 36, '000000', '1000', 'images/20221018T114713238Z103548/download (1).jpeg', '600', 1, 1, '2022-10-18 17:17:22', '2022-10-18 17:17:13', '2022-10-18 17:17:13'),
(196, 589, 36, '546846486', '2580', 'images/20221018T124331848Z456990/pclist (1).pdf', '1548', 1, 1, '2022-10-18 18:13:42', '2022-10-18 18:13:32', '2022-10-18 18:13:32'),
(197, 589, 36, '3546463', '5000', 'images/20221018T130246790Z248796/download (1).jpeg', '3000', 1, 0, '0000-00-00 00:00:00', '2022-10-18 18:32:47', '2022-10-18 18:32:47'),
(198, 590, 38, '6548548548', '6000', 'images/20221018T142818267Z774354/download (1).jpeg', '3600', 1, 1, '2022-10-18 19:58:23', '2022-10-18 19:58:18', '2022-10-18 19:58:18'),
(199, 591, 39, '55', '55', 'images/20221019T051646442Z536394/3dx-backhoe-loader-1.jpg', '33', 1, 1, '2022-10-19 10:47:02', '2022-10-19 10:46:46', '2022-10-19 10:46:46'),
(200, 589, 36, '66', '66', 'images/20221019T053936066Z956388/544.png', '39.599999999999994', 1, 1, '2022-10-19 11:10:06', '2022-10-19 11:09:36', '2022-10-19 11:09:36'),
(201, 586, 36, '55766', '557657', 'images/20221019T055019565Z915222/3dx-backhoe-loader-1.jpg', '334594.2', 1, 0, '0000-00-00 00:00:00', '2022-10-19 11:20:20', '2022-10-19 11:20:20'),
(202, 586, 36, '555555', '5555', 'images/20221019T055557157Z704314/544.png', '3333', 1, 1, '2022-10-19 11:26:07', '2022-10-19 11:25:57', '2022-10-19 11:25:57'),
(203, 583, 8, '678555', '678999', 'images/20221019T055951466Z292438/544.png', '407399.4', 1, 0, '0000-00-00 00:00:00', '2022-10-19 11:29:51', '2022-10-19 11:29:51'),
(204, 583, 8, '5555555', '5555555', 'images/20221019T060023492Z000045/All_Project_my side done - Sheet1.pdf', '3333333', 1, 1, '2022-10-19 11:30:31', '2022-10-19 11:30:23', '2022-10-19 11:30:23'),
(205, 591, 39, '123', '12345', 'images/20221019T073021482Z731598/3dx-backhoe-loader-1.jpg', '7407', 1, 1, '2022-10-19 13:00:27', '2022-10-19 13:00:21', '2022-10-19 13:00:21'),
(206, 595, 40, '76', '78768', 'images/20221020T050340194Z409355/543.png', '47260.8', 1, 1, '2022-10-20 10:33:45', '2022-10-20 10:33:40', '2022-10-20 10:33:40'),
(207, 557, 26, '1454545', '1500', 'images/20221021T104710665Z068008/pclist.pdf', '900', 1, 1, '2022-10-21 16:17:17', '2022-10-21 16:17:11', '2022-10-21 16:17:11'),
(208, 557, 26, '4455454', '1500', 'images/20221021T113649254Z834046/download (1).jpeg', '900', 1, 1, '2022-10-21 17:06:53', '2022-10-21 17:06:49', '2022-10-21 17:06:49');

-- --------------------------------------------------------

--
-- Table structure for table `card_data`
--

CREATE TABLE `card_data` (
  `card_id` int NOT NULL,
  `user_id` int NOT NULL,
  `card_number` varchar(200) NOT NULL,
  `card_status` int NOT NULL,
  `offer_utilize` int NOT NULL,
  `status` int NOT NULL,
  `created_at` datetime NOT NULL,
  `updated_at` datetime NOT NULL,
  `qr_code` varchar(255) NOT NULL,
  `start_date` datetime NOT NULL,
  `end_date` datetime NOT NULL
) ENGINE=InnoDB DEFAULT CHARSET=latin1;

--
-- Dumping data for table `card_data`
--

INSERT INTO `card_data` (`card_id`, `user_id`, `card_number`, `card_status`, `offer_utilize`, `status`, `created_at`, `updated_at`, `qr_code`, `start_date`, `end_date`) VALUES
(3, 482, '31388181', 0, 0, 1, '2022-09-01 15:29:22', '2022-09-01 15:29:22', 'img/qr.jpg', '2022-09-13 13:06:39', '2023-09-13 13:06:41'),
(4, 496, '233358179', 4, 0, 1, '2022-09-01 15:34:26', '2022-09-01 15:34:26', '', '0000-00-00 00:00:00', '0000-00-00 00:00:00'),
(5, 396, '29290538', 2, 0, 1, '2022-09-01 15:36:24', '2022-09-01 15:36:24', '', '0000-00-00 00:00:00', '0000-00-00 00:00:00'),
(6, 497, '397309453', 1, 0, 1, '2022-09-01 15:41:59', '2022-09-01 15:41:59', '', '0000-00-00 00:00:00', '0000-00-00 00:00:00'),
(7, 401, '335457957', 0, 0, 1, '2022-09-03 12:49:35', '2022-09-03 12:49:35', '', '0000-00-00 00:00:00', '0000-00-00 00:00:00'),
(8, 402, '161210847', 0, 0, 1, '2022-09-03 17:29:33', '2022-09-03 17:29:33', '', '0000-00-00 00:00:00', '0000-00-00 00:00:00'),
(9, 403, '709744415', 0, 0, 1, '2022-09-03 19:43:19', '2022-09-03 19:43:19', '', '0000-00-00 00:00:00', '0000-00-00 00:00:00'),
(10, 409, '60159478', 0, 0, 1, '2022-09-06 19:11:33', '2022-09-06 19:11:33', '', '0000-00-00 00:00:00', '0000-00-00 00:00:00'),
(11, 410, '933318800', 0, 0, 1, '2022-09-06 19:11:44', '2022-09-06 19:11:44', '', '0000-00-00 00:00:00', '0000-00-00 00:00:00'),
(12, 411, '123634409', 0, 0, 1, '2022-09-06 19:11:59', '2022-09-06 19:11:59', '', '0000-00-00 00:00:00', '0000-00-00 00:00:00'),
(13, 412, '644432544', 0, 0, 1, '2022-09-06 19:12:01', '2022-09-06 19:12:01', '', '0000-00-00 00:00:00', '0000-00-00 00:00:00'),
(14, 413, '524731327', 0, 0, 1, '2022-09-06 19:12:04', '2022-09-06 19:12:04', '', '0000-00-00 00:00:00', '0000-00-00 00:00:00'),
(15, 414, '402310419', 0, 0, 1, '2022-09-06 19:12:07', '2022-09-06 19:12:07', '', '0000-00-00 00:00:00', '0000-00-00 00:00:00'),
(16, 415, '972106655', 0, 0, 1, '2022-09-06 19:12:09', '2022-09-06 19:12:09', '', '0000-00-00 00:00:00', '0000-00-00 00:00:00'),
(17, 416, '611606669', 0, 0, 1, '2022-09-06 19:12:09', '2022-09-06 19:12:09', '', '0000-00-00 00:00:00', '0000-00-00 00:00:00'),
(18, 417, '522565079', 0, 0, 1, '2022-09-06 19:12:10', '2022-09-06 19:12:10', '', '0000-00-00 00:00:00', '0000-00-00 00:00:00'),
(19, 418, '427938867', 0, 0, 1, '2022-09-06 19:12:11', '2022-09-06 19:12:11', '', '0000-00-00 00:00:00', '0000-00-00 00:00:00'),
(20, 419, '368376716', 0, 0, 1, '2022-09-06 19:14:37', '2022-09-06 19:14:37', '', '0000-00-00 00:00:00', '0000-00-00 00:00:00'),
(21, 420, '245504193', 0, 0, 1, '2022-09-06 19:14:38', '2022-09-06 19:14:38', '', '0000-00-00 00:00:00', '0000-00-00 00:00:00'),
(22, 421, '124611313', 0, 0, 1, '2022-09-06 19:14:39', '2022-09-06 19:14:39', '', '0000-00-00 00:00:00', '0000-00-00 00:00:00'),
(23, 422, '974410062', 0, 0, 1, '2022-09-06 19:14:39', '2022-09-06 19:14:39', '', '0000-00-00 00:00:00', '0000-00-00 00:00:00'),
(24, 423, '976201889', 0, 0, 1, '2022-09-06 19:16:27', '2022-09-06 19:16:27', '', '0000-00-00 00:00:00', '0000-00-00 00:00:00'),
(25, 424, '773274695', 0, 0, 1, '2022-09-06 19:16:28', '2022-09-06 19:16:28', '', '0000-00-00 00:00:00', '0000-00-00 00:00:00'),
(26, 425, '17741873', 0, 0, 1, '2022-09-06 19:16:29', '2022-09-06 19:16:29', '', '0000-00-00 00:00:00', '0000-00-00 00:00:00'),
(27, 426, '10688837', 0, 0, 1, '2022-09-06 19:22:01', '2022-09-06 19:22:01', '', '0000-00-00 00:00:00', '0000-00-00 00:00:00'),
(28, 427, '197068602', 0, 0, 1, '2022-09-06 19:22:04', '2022-09-06 19:22:04', '', '0000-00-00 00:00:00', '0000-00-00 00:00:00'),
(29, 428, '378415462', 0, 0, 1, '2022-09-06 19:22:04', '2022-09-06 19:22:04', '', '0000-00-00 00:00:00', '0000-00-00 00:00:00'),
(30, 429, '77105825', 0, 0, 1, '2022-09-06 19:22:04', '2022-09-06 19:22:04', '', '0000-00-00 00:00:00', '0000-00-00 00:00:00'),
(31, 430, '474427964', 0, 0, 1, '2022-09-06 19:22:05', '2022-09-06 19:22:05', '', '0000-00-00 00:00:00', '0000-00-00 00:00:00'),
(32, 431, '532483964', 0, 0, 1, '2022-09-06 19:22:05', '2022-09-06 19:22:05', '', '0000-00-00 00:00:00', '0000-00-00 00:00:00'),
(33, 432, '396694721', 0, 0, 1, '2022-09-06 19:32:58', '2022-09-06 19:32:58', '', '0000-00-00 00:00:00', '0000-00-00 00:00:00'),
(34, 433, '185536748', 0, 0, 1, '2022-09-06 19:37:13', '2022-09-06 19:37:13', '', '0000-00-00 00:00:00', '0000-00-00 00:00:00'),
(35, 434, '863280210', 0, 0, 1, '2022-09-06 19:38:39', '2022-09-06 19:38:39', '', '0000-00-00 00:00:00', '0000-00-00 00:00:00'),
(36, 435, '864098560', 0, 0, 1, '2022-09-06 19:39:15', '2022-09-06 19:39:15', '', '0000-00-00 00:00:00', '0000-00-00 00:00:00'),
(37, 436, '563621917', 0, 0, 1, '2022-09-06 19:42:46', '2022-09-06 19:42:46', '', '0000-00-00 00:00:00', '0000-00-00 00:00:00'),
(38, 437, '777238995', 0, 0, 1, '2022-09-06 19:44:29', '2022-09-06 19:44:29', '', '0000-00-00 00:00:00', '0000-00-00 00:00:00'),
(39, 438, '368378822', 0, 0, 1, '2022-09-06 19:47:51', '2022-09-06 19:47:51', '', '0000-00-00 00:00:00', '0000-00-00 00:00:00'),
(40, 439, '532280633', 0, 0, 1, '2022-09-06 19:47:52', '2022-09-06 19:47:52', '', '0000-00-00 00:00:00', '0000-00-00 00:00:00'),
(41, 440, '401050529', 0, 0, 1, '2022-09-06 19:49:52', '2022-09-06 19:49:52', '', '0000-00-00 00:00:00', '0000-00-00 00:00:00'),
(42, 470, '93666906', 0, 0, 1, '2022-09-06 19:51:36', '2022-09-06 19:51:36', '', '0000-00-00 00:00:00', '0000-00-00 00:00:00'),
(43, 471, '943306233', 0, 0, 1, '2022-09-06 19:51:57', '2022-09-06 19:51:57', '', '0000-00-00 00:00:00', '0000-00-00 00:00:00'),
(44, 472, '217238172', 0, 0, 1, '2022-09-06 19:52:35', '2022-09-06 19:52:35', '', '0000-00-00 00:00:00', '0000-00-00 00:00:00'),
(45, 473, '724615700', 0, 0, 1, '2022-09-06 19:53:09', '2022-09-06 19:53:09', '', '0000-00-00 00:00:00', '0000-00-00 00:00:00'),
(46, 474, '257780707', 0, 0, 1, '2022-09-06 19:53:17', '2022-09-06 19:53:17', '', '0000-00-00 00:00:00', '0000-00-00 00:00:00'),
(47, 475, '283161454', 0, 0, 1, '2022-09-08 11:53:32', '2022-09-08 11:53:32', '', '0000-00-00 00:00:00', '0000-00-00 00:00:00'),
(48, 476, '662372369', 0, 0, 1, '2022-09-08 12:00:42', '2022-09-08 12:00:42', '', '0000-00-00 00:00:00', '0000-00-00 00:00:00'),
(49, 477, '436156007', 0, 0, 1, '2022-09-08 13:01:16', '2022-09-08 13:01:16', '', '0000-00-00 00:00:00', '0000-00-00 00:00:00'),
(50, 478, '871584266', 0, 0, 1, '2022-09-08 13:02:54', '2022-09-08 13:02:54', '', '0000-00-00 00:00:00', '0000-00-00 00:00:00'),
(51, 479, '725668227', 0, 0, 1, '2022-09-08 13:16:26', '2022-09-08 13:16:26', '', '0000-00-00 00:00:00', '0000-00-00 00:00:00'),
(52, 450, '607967372', 0, 0, 1, '2022-09-08 16:12:26', '2022-09-08 16:12:26', '', '0000-00-00 00:00:00', '0000-00-00 00:00:00'),
(53, 452, '726710940', 0, 0, 1, '2022-09-08 18:01:01', '2022-09-08 18:01:01', '', '0000-00-00 00:00:00', '0000-00-00 00:00:00'),
(54, 453, '135089177', 0, 0, 1, '2022-09-08 18:02:15', '2022-09-08 18:02:15', '', '0000-00-00 00:00:00', '0000-00-00 00:00:00'),
(55, 454, '744167605', 0, 0, 1, '2022-09-08 18:48:45', '2022-09-08 18:48:45', '', '0000-00-00 00:00:00', '0000-00-00 00:00:00'),
(56, 455, '576867999', 3, 0, 1, '2022-09-08 19:09:45', '2022-09-08 19:09:45', '', '0000-00-00 00:00:00', '0000-00-00 00:00:00'),
(57, 456, '393124859', 2, 0, 1, '2022-09-08 19:21:52', '2022-09-08 19:21:52', '', '0000-00-00 00:00:00', '0000-00-00 00:00:00'),
(58, 485, '269503193', 1, 0, 1, '2022-09-08 19:25:32', '2022-09-08 19:25:32', '', '0000-00-00 00:00:00', '0000-00-00 00:00:00'),
(59, 458, '636261422', 0, 0, 1, '2022-09-08 19:31:29', '2022-09-08 19:31:29', '', '0000-00-00 00:00:00', '0000-00-00 00:00:00'),
(60, 500, '216124502', 0, 0, 1, '2022-09-15 13:49:04', '2022-09-15 13:49:04', 'img/qr.jpg', '2022-09-15 13:49:04', '2023-09-15 13:49:04'),
(61, 501, '6798159', 0, 0, 1, '2022-09-15 13:54:16', '2022-09-15 13:54:16', 'img/qr.jpg', '2022-09-15 13:54:16', '2023-09-15 13:54:16'),
(62, 502, '684266599', 0, 0, 1, '2022-09-15 14:13:23', '2022-09-15 14:13:23', 'img/qr.jpg', '2022-09-15 14:13:23', '2023-09-15 14:13:23'),
(63, 509, '667766391', 0, 0, 1, '2022-09-15 15:38:08', '2022-09-15 15:38:08', 'img/qr.jpg', '2022-09-15 15:38:08', '2023-09-15 15:38:08'),
(64, 510, '214250855', 0, 0, 1, '2022-09-15 16:42:44', '2022-09-15 16:42:44', 'img/qr.jpg', '2022-09-15 16:42:44', '2023-09-15 16:42:44'),
(65, 511, '660145217', 0, 0, 1, '2022-09-15 16:48:36', '2022-09-15 16:48:36', 'img/qr.jpg', '2022-09-15 16:48:36', '2023-09-15 16:48:36'),
(66, 512, '418916938', 0, 0, 1, '2022-09-15 16:50:05', '2022-09-15 16:50:05', 'img/qr.jpg', '2022-09-15 16:50:05', '2023-09-15 16:50:05'),
(67, 513, '670242882', 0, 0, 1, '2022-09-15 17:39:33', '2022-09-15 17:39:33', 'img/qr.jpg', '2022-09-15 17:39:33', '2023-09-15 17:39:33'),
(68, 514, '244264172', 0, 0, 1, '2022-09-15 17:45:42', '2022-09-15 17:45:42', 'img/qr.jpg', '2022-09-15 17:45:42', '2023-09-15 17:45:42'),
(69, 515, '489279489', 0, 0, 1, '2022-09-15 17:45:50', '2022-09-15 17:45:50', 'img/qr.jpg', '2022-09-15 17:45:50', '2023-09-15 17:45:50'),
(70, 517, '691453371', 0, 0, 1, '2022-09-16 11:12:40', '2022-09-16 11:12:40', 'img/qr.jpg', '2022-09-16 11:12:40', '2023-09-16 11:12:40'),
(71, 518, '946634692', 0, 0, 1, '2022-09-16 11:40:53', '2022-09-16 11:40:53', 'img/qr.jpg', '2022-09-16 11:40:53', '2023-09-16 11:40:53'),
(72, 519, '390958246', 0, 0, 1, '2022-09-16 11:49:01', '2022-09-16 11:49:01', 'img/qr.jpg', '2022-09-16 11:49:01', '2023-09-16 11:49:01'),
(73, 520, '484435802', 1, 0, 1, '2022-09-16 11:51:04', '2022-09-16 11:51:04', 'img/qr.jpg', '2022-09-16 11:51:04', '2023-09-16 11:51:04'),
(74, 521, '492831027', 0, 0, 1, '2022-09-16 12:22:33', '2022-09-16 12:22:33', 'img/qr.jpg', '2022-09-16 12:22:33', '2023-09-16 12:22:33'),
(75, 522, '640865286', 3, 0, 1, '2022-09-16 12:28:57', '2022-09-16 12:28:57', 'img/qr.jpg', '2022-09-16 12:28:57', '2023-09-16 12:28:57'),
(76, 523, '541363872', 0, 0, 1, '2022-09-16 12:32:51', '2022-09-16 12:32:51', 'img/qr.jpg', '2022-09-16 12:32:51', '2023-09-16 12:32:51'),
(77, 524, '724509366', 0, 0, 1, '2022-09-16 12:52:24', '2022-09-16 12:52:24', 'img/qr.jpg', '2022-09-16 12:52:24', '2023-09-16 12:52:24'),
(78, 525, '398865236', 0, 0, 1, '2022-09-16 13:00:24', '2022-09-16 13:00:24', 'img/qr.jpg', '2022-09-16 13:00:24', '2023-09-16 13:00:24'),
(79, 526, '686070265', 0, 0, 1, '2022-09-16 13:10:13', '2022-09-16 13:10:13', 'img/qr.jpg', '2022-09-16 13:10:13', '2023-09-16 13:10:13'),
(80, 527, '775220737', 0, 0, 1, '2022-09-16 13:53:09', '2022-09-16 13:53:09', 'img/qr.jpg', '2022-09-16 13:53:09', '2023-09-16 13:53:09'),
(81, 528, '618491351', 0, 0, 1, '2022-09-16 13:59:23', '2022-09-16 13:59:23', 'img/qr.jpg', '2022-09-16 13:59:23', '2023-09-16 13:59:23'),
(82, 529, '531386300', 0, 0, 1, '2022-09-16 14:11:33', '2022-09-16 14:11:33', 'img/qr.jpg', '2022-09-16 14:11:33', '2023-09-16 14:11:33'),
(83, 530, '705500883', 0, 0, 1, '2022-09-16 19:49:43', '2022-09-16 19:49:43', 'img/qr.jpg', '2022-09-16 19:49:43', '2023-09-16 19:49:43'),
(84, 531, '23838482', 0, 0, 1, '2022-09-16 20:02:22', '2022-09-16 20:02:22', 'img/qr.jpg', '2022-09-16 20:02:22', '2023-09-16 20:02:22'),
(85, 532, '139909522', 0, 0, 1, '2022-09-16 20:06:33', '2022-09-16 20:06:33', 'img/qr.jpg', '2022-09-16 20:06:33', '2023-09-16 20:06:33'),
(86, 533, '249450387', 0, 0, 1, '2022-09-16 20:15:21', '2022-09-16 20:15:21', 'img/qr.jpg', '2022-09-16 20:15:21', '2023-09-16 20:15:21'),
(87, 534, '614432871', 0, 0, 1, '2022-09-16 20:18:25', '2022-09-16 20:18:25', 'img/qr.jpg', '2022-09-16 20:18:25', '2023-09-16 20:18:25'),
(88, 535, '281018165', 0, 0, 1, '2022-09-16 20:24:09', '2022-09-16 20:24:09', 'img/qr.jpg', '2022-09-16 20:24:09', '2023-09-16 20:24:09'),
(89, 536, '981907864', 0, 0, 1, '2022-09-16 20:27:10', '2022-09-16 20:27:10', 'img/qr.jpg', '2022-09-16 20:27:10', '2023-09-16 20:27:10'),
(90, 537, '451464910', 3, 0, 1, '2022-09-16 20:42:22', '2022-09-16 20:42:22', 'img/qr.jpg', '2022-09-16 20:42:22', '2023-09-16 20:42:22'),
(91, 538, '24355749', 0, 0, 1, '2022-09-16 20:57:31', '2022-09-16 20:57:31', 'img/qr.jpg', '2022-09-16 20:57:31', '2023-09-16 20:57:31'),
(92, 539, '521851171', 0, 0, 1, '2022-09-17 10:22:07', '2022-09-17 10:22:07', 'img/qr.jpg', '2022-09-17 10:22:07', '2023-09-17 10:22:07'),
(93, 540, '247568590', 0, 0, 1, '2022-09-17 10:27:46', '2022-09-17 10:27:46', 'img/qr.jpg', '2022-09-17 10:27:46', '2023-09-17 10:27:46'),
(94, 541, '487190313', 0, 0, 1, '2022-09-17 10:33:11', '2022-09-17 10:33:11', 'img/qr.jpg', '2022-09-17 10:33:11', '2023-09-17 10:33:11'),
(95, 542, '46219098', 0, 0, 1, '2022-09-17 10:41:58', '2022-09-17 10:41:58', 'img/qr.jpg', '2022-09-17 10:41:58', '2023-09-17 10:41:58'),
(96, 543, '707013883', 0, 0, 1, '2022-09-17 10:45:21', '2022-09-17 10:45:21', 'img/qr.jpg', '2022-09-17 10:45:21', '2023-09-17 10:45:21'),
(97, 544, '600517365', 3, 0, 1, '2022-09-17 10:46:12', '2022-09-17 10:46:12', 'img/qr.jpg', '2022-09-17 10:46:12', '2023-09-17 10:46:12'),
(98, 545, '454256103', 0, 0, 1, '2022-09-17 10:50:56', '2022-09-17 10:50:56', 'img/qr.jpg', '2022-09-17 10:50:56', '2023-09-17 10:50:56'),
(99, 546, '129965817', 0, 0, 1, '2022-09-17 12:02:41', '2022-09-17 12:02:41', 'img/qr.jpg', '2022-09-17 12:02:41', '2023-09-17 12:02:41'),
(100, 547, '73290541', 0, 0, 1, '2022-09-17 12:17:23', '2022-09-17 12:17:23', 'img/qr.jpg', '2022-09-17 12:17:23', '2023-09-17 12:17:23'),
(101, 548, '908583790', 0, 0, 1, '2022-09-17 12:33:51', '2022-09-17 12:33:51', 'img/qr.jpg', '2022-09-17 12:33:51', '2023-09-17 12:33:51'),
(102, 549, '140614698', 0, 0, 1, '2022-09-17 15:37:40', '2022-09-17 15:37:40', 'img/qr.jpg', '2022-09-17 15:37:40', '2023-09-17 15:37:40'),
(103, 550, '700523375', 0, 0, 1, '2022-09-17 18:34:57', '2022-09-17 18:34:57', 'img/qr.jpg', '2022-09-17 18:34:57', '2023-09-17 18:34:57'),
(104, 551, '511892242', 0, 0, 1, '2022-09-17 19:02:20', '2022-09-17 19:02:20', 'img/qr.jpg', '2022-09-17 19:02:20', '2023-09-17 19:02:20'),
(105, 552, '799082950', 0, 0, 1, '2022-09-17 19:25:18', '2022-09-17 19:25:18', 'img/qr.jpg', '2022-09-17 19:25:18', '2023-09-17 19:25:18'),
(106, 553, '554156112', 0, 0, 1, '2022-09-19 11:14:48', '2022-09-19 11:14:48', 'img/qr.jpg', '2022-09-19 11:14:48', '2023-09-19 11:14:48'),
(107, 554, '216183878', 0, 0, 1, '2022-09-19 14:50:00', '2022-09-19 14:50:00', 'img/qr.jpg', '2022-09-19 14:50:00', '2023-09-19 14:50:00'),
(108, 555, '960869025', 0, 0, 1, '2022-09-20 14:51:30', '2022-09-20 14:51:30', 'img/qr.jpg', '2022-09-20 14:51:30', '2023-09-20 14:51:30'),
(110, 557, '805269251', 0, 1, 1, '2022-09-20 15:37:08', '2022-09-20 15:37:08', 'img/qr.jpg', '2022-09-20 15:37:08', '2023-09-20 15:37:08'),
(111, 558, '352967734', 4, 0, 1, '2022-09-21 16:14:19', '2022-09-21 16:14:19', 'img/qr.jpg', '2022-09-21 16:14:19', '2023-09-21 16:14:19'),
(112, 559, '329387560', 4, 0, 1, '2022-09-21 19:15:18', '2022-09-21 19:15:18', 'img/qr.jpg', '2022-09-21 19:15:18', '2023-09-21 19:15:18'),
(113, 560, '957244455', 3, 1, 1, '2022-09-21 19:25:45', '2022-09-21 19:25:45', 'img/qr.jpg', '2022-09-21 19:25:45', '2022-09-21 19:25:45'),
(114, 561, '683155646', 3, 1, 1, '2022-09-21 19:47:56', '2022-09-21 19:47:56', 'img/qr.jpg', '2022-09-21 19:47:56', '2023-09-21 19:47:56'),
(115, 562, '203352625', 3, 0, 1, '2022-09-27 11:58:23', '2022-09-27 11:58:23', 'img/qr.jpg', '2022-09-27 11:58:23', '2023-09-27 11:58:23'),
(116, 563, '417685745', 0, 0, 1, '2022-09-27 17:54:25', '2022-09-27 17:54:25', 'img/qr.jpg', '2022-09-27 17:54:25', '2023-09-27 17:54:25'),
(117, 564, '261545864', 3, 0, 1, '2022-09-27 19:55:45', '2022-09-27 19:55:45', 'img/qr.jpg', '2022-09-27 19:55:45', '2023-09-27 19:55:45'),
(118, 565, '284997313', 0, 0, 1, '2022-09-28 10:38:54', '2022-09-28 10:38:54', 'img/qr.jpg', '2022-09-28 10:38:54', '2023-09-28 10:38:54'),
(119, 566, '593186831', 0, 0, 1, '2022-09-28 10:40:08', '2022-09-28 10:40:08', 'img/qr.jpg', '2022-09-28 10:40:08', '2023-09-28 10:40:08'),
(120, 567, '413968621', 4, 0, 1, '2022-09-28 14:56:00', '2022-09-28 14:56:00', 'img/qr.jpg', '2022-09-28 14:56:00', '2023-09-28 14:56:00'),
(121, 568, '339933589', 0, 0, 1, '2022-09-29 10:18:21', '2022-09-29 10:18:21', 'img/qr.jpg', '2022-09-29 10:18:21', '2023-09-29 10:18:21'),
(122, 569, '148630176', 0, 0, 1, '2022-09-29 10:45:05', '2022-09-29 10:45:05', 'img/qr.jpg', '2022-09-29 10:45:05', '2023-09-29 10:45:05'),
(123, 570, '52963455', 4, 0, 1, '2022-09-29 11:13:08', '2022-09-29 11:13:08', 'img/qr.jpg', '2022-09-29 11:13:08', '2023-09-29 11:13:08'),
(124, 571, '134416646', 1, 0, 1, '2022-09-29 11:20:26', '2022-09-29 11:20:26', 'img/qr.jpg', '2022-09-29 11:20:26', '2023-09-29 11:20:26'),
(125, 572, '50911294', 11, 0, 1, '2022-09-29 15:17:14', '2022-09-29 15:17:14', 'img/qr.jpg', '2022-09-29 15:17:14', '2023-09-29 15:17:14'),
(126, 573, '687550789', 3, 0, 1, '2022-09-29 15:19:52', '2022-09-29 15:19:52', 'img/qr.jpg', '2022-09-29 15:19:52', '2023-09-29 15:19:52'),
(127, 574, '849704962', 0, 0, 1, '2022-09-29 16:06:11', '2022-09-29 16:06:11', 'img/qr.jpg', '2022-09-29 16:06:11', '2023-09-29 16:06:11'),
(128, 575, '390845813', 0, 1, 1, '2022-09-29 16:25:31', '2022-09-29 16:25:31', 'img/qr.jpg', '2022-09-29 16:25:31', '2023-09-29 16:25:31'),
(129, 576, '167517813', 3, 0, 1, '2022-09-30 10:23:52', '2022-09-30 10:23:52', 'img/qr.jpg', '2022-09-30 10:23:52', '2023-09-30 10:23:52'),
(130, 577, '997174218', 0, 1, 1, '2022-09-30 11:29:08', '2022-09-30 11:29:08', 'img/qr.jpg', '2022-09-30 11:29:08', '2023-09-30 11:29:08'),
(131, 578, '46053927', 3, 0, 1, '2022-09-30 11:31:17', '2022-09-30 11:31:17', 'img/qr.jpg', '2022-09-30 11:31:17', '2023-09-30 11:31:17'),
(132, 579, '151418650', 0, 1, 1, '2022-09-30 15:24:17', '2022-09-30 15:24:17', 'img/qr.jpg', '2022-09-30 15:24:17', '2023-09-30 15:24:17'),
(133, 580, '366105452', 0, 1, 1, '2022-09-30 15:29:45', '2022-09-30 15:29:45', 'img/qr.jpg', '2022-09-30 15:29:45', '2023-09-30 15:29:45'),
(134, 581, '402766319', 0, 0, 1, '2022-09-30 17:01:04', '2022-09-30 17:01:04', 'img/qr.jpg', '2022-09-30 17:01:04', '2023-09-30 17:01:04'),
(135, 582, '942671964', 1, 0, 1, '2022-09-30 17:07:28', '2022-09-30 17:07:28', 'img/qr.jpg', '2022-09-30 17:07:28', '2023-09-30 17:07:28'),
(136, 583, '162266100', 0, 1, 1, '2022-10-11 18:58:12', '2022-10-11 18:58:12', 'img/qr.jpg', '2022-10-11 18:58:12', '2023-10-11 18:58:12'),
(137, 584, '611958890', 0, 0, 1, '2022-10-11 19:52:33', '2022-10-11 19:52:33', 'img/qr.jpg', '2022-10-11 19:52:33', '2023-10-11 19:52:33'),
(138, 585, '340359026', 0, 0, 1, '2022-10-11 19:58:31', '2022-10-11 19:58:31', 'img/qr.jpg', '2022-10-11 19:58:31', '2023-10-11 19:58:31'),
(139, 586, '297731702', 0, 1, 1, '2022-10-18 12:09:06', '2022-10-18 12:09:06', 'img/qr.jpg', '2022-10-18 12:09:06', '2023-10-18 12:09:06'),
(140, 587, '432013932', 0, 0, 1, '2022-10-18 12:14:20', '2022-10-18 12:14:20', 'img/qr.jpg', '2022-10-18 12:14:20', '2023-10-18 12:14:20'),
(141, 588, '825128030', 0, 0, 1, '2022-10-18 12:16:17', '2022-10-18 12:16:17', 'img/qr.jpg', '2022-10-18 12:16:17', '2023-10-18 12:16:17'),
(142, 589, '536126708', 0, 1, 1, '2022-10-18 12:27:45', '2022-10-18 12:27:45', 'img/qr.jpg', '2022-10-18 12:27:45', '2023-10-18 12:27:45'),
(143, 590, '517853320', 0, 1, 1, '2022-10-18 19:56:28', '2022-10-18 19:56:28', 'img/qr.jpg', '2022-10-18 19:56:28', '2023-10-18 19:56:28'),
(144, 591, '658413739', 0, 1, 1, '2022-10-19 10:44:28', '2022-10-19 10:44:28', 'img/qr.jpg', '2022-10-19 12:51:22', '2023-10-19 12:51:22'),
(145, 592, '332596265', 0, 0, 1, '2022-10-19 12:03:48', '2022-10-19 12:03:48', 'img/qr.jpg', '2022-10-19 12:03:48', '2023-10-19 12:03:48'),
(146, 593, '469736223', 0, 0, 1, '2022-10-19 12:05:12', '2022-10-19 12:05:12', 'img/qr.jpg', '2022-10-19 12:05:12', '2023-10-19 12:05:12'),
(147, 594, '296543287', 3, 0, 1, '2022-10-19 12:07:33', '2022-10-19 12:07:33', 'img/qr.jpg', '2022-10-19 12:07:33', '2023-10-19 12:07:33'),
(148, 595, '572249691', 0, 1, 1, '2022-10-19 18:30:46', '2022-10-19 18:30:46', 'img/qr.jpg', '2022-10-19 18:30:46', '2023-10-19 18:30:46'),
(149, 612, '490953110', 3, 0, 1, '2022-10-20 12:22:50', '2022-10-20 12:22:50', 'img/qr.jpg', '2022-10-21 06:10:14', '2023-10-21 06:10:14'),
(150, 477, '111995474', 0, 0, 1, '2022-10-21 12:03:18', '2022-10-21 12:03:18', 'img/qr.jpg', '2022-10-21 12:03:18', '2023-10-21 12:03:18'),
(151, 477, '170405047', 0, 0, 1, '2022-10-21 12:03:55', '2022-10-21 12:03:55', 'img/qr.jpg', '2022-10-21 12:03:55', '2023-10-21 12:03:55'),
(152, 619, '834166752', 0, 0, 1, '2022-10-21 15:08:57', '2022-10-21 15:08:57', 'img/qr.jpg', '2022-10-21 15:08:57', '2023-10-21 15:08:57'),
(153, 620, '155018677', 0, 0, 1, '2022-10-21 15:20:30', '2022-10-21 15:20:30', 'img/qr.jpg', '2022-10-21 15:20:30', '2023-10-21 15:20:30'),
(154, 621, '67456442', 0, 0, 1, '2022-10-21 15:33:52', '2022-10-21 15:33:52', 'img/qr.jpg', '2022-10-21 17:40:06', '2023-10-21 17:40:06'),
(155, 618, '2043912', 0, 0, 1, '2022-10-21 17:30:57', '2022-10-21 17:30:57', 'img/qr.jpg', '2022-10-21 17:30:57', '2023-10-21 17:30:57'),
(156, 622, '66600599', 0, 0, 1, '2022-10-21 14:46:22', '2022-10-21 14:46:22', 'img/qr.jpg', '2022-10-21 14:46:22', '2023-10-21 14:46:22'),
(157, 623, '916596405', 0, 0, 1, '2022-10-21 14:51:37', '2022-10-21 14:51:37', 'img/qr.jpg', '2022-10-22 11:32:49', '2023-10-22 11:32:49');

-- --------------------------------------------------------

--
-- Table structure for table `commission`
--

CREATE TABLE `commission` (
  `commission_id` int NOT NULL,
  `distributor_id` int NOT NULL,
  `agent_id` int NOT NULL,
  `district_id` int NOT NULL,
  `user_id` int NOT NULL,
  `distributor_commission` int NOT NULL,
  `distributor_ref` varchar(200) NOT NULL,
  `distributor_commi_status` int NOT NULL,
  `hospital_commission` int NOT NULL,
  `hospital_ref` varchar(200) NOT NULL,
  `hospital_commi_status` int NOT NULL,
  `hospi_received_date` datetime NOT NULL,
  `agent_commission` int NOT NULL,
  `agent_ref` varchar(200) NOT NULL,
  `agent_commi_status` int NOT NULL,
  `status` int NOT NULL,
  `created_at` datetime NOT NULL,
  `updated_at` datetime NOT NULL
) ENGINE=InnoDB DEFAULT CHARSET=latin1;

--
-- Dumping data for table `commission`
--

INSERT INTO `commission` (`commission_id`, `distributor_id`, `agent_id`, `district_id`, `user_id`, `distributor_commission`, `distributor_ref`, `distributor_commi_status`, `hospital_commission`, `hospital_ref`, `hospital_commi_status`, `hospi_received_date`, `agent_commission`, `agent_ref`, `agent_commi_status`, `status`, `created_at`, `updated_at`) VALUES
(2, 16, 73, 6, 382, 200, 'wsws3452345', 0, 800, '123456789', 2, '2022-09-30 03:21:20', 800, 'thrth5353', 0, 1, '2022-07-26 00:00:00', '2022-07-26 00:00:00'),
(3, 16, 74, 1, 381, 200, '1616161', 2, 800, 'dsdfafs', 2, '0000-00-00 00:00:00', 800, 'dfsdgdbs', 2, 1, '0000-00-00 00:00:00', '0000-00-00 00:00:00'),
(4, 5, 75, 5, 383, 200, 'gndghnd', 2, 800, 'dfeeee', 2, '0000-00-00 00:00:00', 800, '200', 2, 1, '2022-07-26 00:00:00', '2022-07-26 00:00:00');

-- --------------------------------------------------------

--
-- Table structure for table `distributor`
--

CREATE TABLE `distributor` (
  `distributor_id` int NOT NULL,
  `district` varchar(200) NOT NULL,
  `hospital_name` varchar(200) NOT NULL,
  `distributor_image` varchar(300) NOT NULL,
  `distributor_name` varchar(200) NOT NULL,
  `contact_number` varchar(20) NOT NULL,
  `email_id` varchar(100) NOT NULL,
  `password` varchar(200) NOT NULL,
  `hash` varchar(200) NOT NULL,
  `otp` int NOT NULL,
  `status` int NOT NULL,
  `created_at` datetime NOT NULL,
  `updated_at` datetime NOT NULL
) ENGINE=InnoDB DEFAULT CHARSET=latin1;

--
-- Dumping data for table `distributor`
--

INSERT INTO `distributor` (`distributor_id`, `district`, `hospital_name`, `distributor_image`, `distributor_name`, `contact_number`, `email_id`, `password`, `hash`, `otp`, `status`, `created_at`, `updated_at`) VALUES
(1, '21', 'apollo', 'dfskdhfkasdfashfkashkfhas', 'sandeep', '9440689812', 'test@gmail.com', 'MTIzNDU2', '4287445898135658', 0, 1, '2022-07-26 00:00:00', '2022-07-26 00:00:00'),
(2, '55', '8', 'images/20220804T110009076Z058559/bird1.jpg', 'srinu', '9632587410', 'sruinu@gmail.com', '', '', 0, 0, '2022-08-04 16:30:09', '2022-08-04 16:30:09'),
(3, '2', '17', 'images/20220804T110048284Z796267/bird1.jpg', 'mahesh', '9874563210', 'mahi@gmail.com', 'caba08a9f14b1bf305ad6f5b11c681a4', '2698038637396041', 1234, 1, '2022-08-04 16:30:48', '2022-08-04 16:30:48'),
(5, '3', '17', 'images/20220804T130113643Z403008/bird1.jpg', 'eeeeeeeeee', '1111111111111111111', 'skilll@gmail.com', '', '', 0, 0, '2022-08-04 18:31:14', '2022-08-04 18:31:14'),
(6, '2', '17', 'images/20220805T045858294Z873710/download.jpeg', 'muktha', '6589321470', 'mukta@gmail.com', '', '', 0, 1, '2022-08-05 10:28:58', '2022-08-05 10:28:58'),
(7, '21', '19', 'images/20220805T050040912Z469011/download (1).jpeg', 'chuddaaa', '5478963210', 'ddd@gmail.com', '', '', 0, 1, '2022-08-05 10:30:41', '2022-08-05 10:30:41'),
(8, '4', '21', 'images/20220808T124853146Z632988/download.jpeg', 'mahehsh', '8956230147', 'mahi@ggmaill.com', '', '', 0, 1, '2022-08-08 18:18:53', '2022-08-08 18:18:53'),
(9, '4', '23', 'images/20220808T135032126Z891339/download.jpeg', 'fgbsdghsdf', '7895641230', 'dhushanu@gmail.com', '', '', 0, 1, '2022-08-08 19:20:32', '2022-08-08 19:20:32'),
(10, '4', '22', 'images/20220808T135421010Z056547/download.jpeg', 'aduri', '7895642130', 'hfh@gmail.com', '', '', 0, 1, '2022-08-08 19:24:21', '2022-08-08 19:24:21'),
(11, '4', '24', 'images/20220808T140740221Z687155/download (1).jpeg', 'varun', '9875632140', 'gfsfg55@dff.ghd', 'MTIzNjY2', '8545660333994520', 1234, 1, '2022-08-08 19:37:40', '2022-08-08 19:37:40'),
(12, '4', '26', 'images/20220808T142537479Z290285/bird2.jpg', 'fdgdfhd', '6656355635', 'fwere@gfd.ghg', '', '', 0, 1, '2022-08-08 19:55:37', '2022-08-08 19:55:37'),
(13, '5', '19', 'images/20220808T142716247Z463418/bird1.jpg', 'dushyantharun', '9876543210', 'sjjn@vd.htgh', '', '', 0, 0, '2022-08-08 19:57:16', '2022-08-08 19:57:16'),
(14, '3', '28', 'images/20220808T142828143Z009944/download (1).jpeg', 'ghghg', '6564566449', 'fdgd@ggff.ghgf', '', '', 0, 1, '2022-08-08 19:58:28', '2022-08-08 19:58:28'),
(15, '21', '27', 'images/20220808T142925868Z863620/download (1).jpeg', 'gfhghh', '6121212122', 'bdb@fd.ghf', '', '', 0, 0, '2022-08-08 19:59:26', '2022-08-08 19:59:26'),
(16, '8', '380', 'images/20220901T123554890Z623131/download.jpeg', 'someone', '9874563100', 'distributor@gmail.com', 'MTIzNDU2', '4744892314965468', 1234, 1, '2022-09-01 18:05:55', '2022-09-01 18:05:55'),
(17, '6', '23', 'images/20220902T140732844Z111480/bird1.jpg', 'fbsfhsf', '8745210369', 'asdfas@gmail.com', 'cbb6b619fdaafd0c30b4e3409c53ce34', '5719150035364571', 0, 0, '2022-09-02 19:37:33', '2022-09-02 19:37:33'),
(18, '14', '381', 'images/20220907T073045475Z584535/Screenshot from 2022-09-06 17-33-33.png', 'Vishall', '987456123009789789', 'dfjnsdfjkbsdkfbksdjfbskdfjbsdf', '1c74ab3a073c870b77d8dc39b3cfee21', '2552594549682496', 0, 1, '2022-09-07 13:00:45', '2022-09-07 13:00:45'),
(19, '9', '385', 'images/20220907T073239150Z154800/Screenshot from 2022-03-24 16-50-14.png', 'hdfhdhfghfghgfh', '7894563210fddfg45435', 'fgdfgs5432545664&^&767457', 'bec92a6d1de54b3dfb152536816af282', '1136546612363713', 0, 1, '2022-09-07 13:02:39', '2022-09-07 13:02:39'),
(20, '1', '385', 'images/20220908T105951047Z763089/Screenshot from 2022-09-07 15-23-13.png', 'Distributorrr', '9874561230', 'distributor@gmail.com', 'MTIzNDU2', '4744892314965468', 0, 1, '2022-09-08 16:29:51', '2022-09-08 16:29:51'),
(21, '15', '386', 'images/20220908T112717922Z076361/image (4).png', 'test', '8192872309', 'testdistri@gmail.com', '8f5ea163dc26721a50ea37114dfe4fb4', '5151270633422065', 0, 1, '2022-09-08 16:57:18', '2022-09-08 16:57:18'),
(23, '17', '389', 'images/20220910T112030015Z500503/9.png', 'Rabbi', '7896541230', 'rabbi@gmail.com', 'MTIzNDU2', '3232653755825671', 1234, 1, '2022-09-10 16:50:30', '2022-09-10 16:50:30'),
(24, '18', '390', 'images/20220912T095209154Z014389/543.png', 'ghf', '7878788997', 'gfhf@fghg.in', 'e8801917c92cf3e71b1404662d90a2c5', '3435071155635224', 1234, 1, '2022-09-12 15:19:58', '2022-09-12 15:19:58'),
(25, '22', '392', 'images/20220914T074219262Z084502/543.png', 'demodecritp', '6787678995', 'demodecs@gmail.com', 'MTIzNDU2', '4287445898135658', 1234, 1, '2022-09-14 13:12:19', '2022-09-14 13:12:19'),
(26, '22', '393', 'images/20220914T095726001Z809060/1.jpg', 'fgyhfgh', '6786786789', 'bh@g.in', 'MTIzNDU2', '8162112216556134', 1234, 1, '2022-09-14 15:27:26', '2022-09-14 15:27:26'),
(27, '22', '393', 'images/20220914T095746824Z051958/2.jpeg', 'fgdf', '6786787654', 'fvbgf@ghkjhg.in', '13d9c6f9cf27487f6b441ce043220858', '4955613990819426', 0, 1, '2022-09-14 15:27:47', '2022-09-14 15:27:47'),
(28, '21', '393', 'images/20220914T100034997Z959769/1.jpg', 'fdgdh', '7897897890', 'fvbgf@ghkjhg.in', '8ad5554def145cac13ad3b85106afcab', '4526425092487942', 0, 1, '2022-09-14 15:30:35', '2022-09-14 15:30:35'),
(29, '23', '395', 'images/20220914T104657547Z634101/bg_image.jpg', 'DemoDistributor', '8575956545', 'demo@gmail.com', 'MTIzNDU2', '2464358823822109', 1234, 1, '2022-09-14 16:16:58', '2022-09-14 16:16:58'),
(30, '24', '397', 'images/20220917T064138987Z008766/download (1).jpeg', 'suresh', '7856932140', 'suresh@gmail.com', 'MTIzNA==', '8274135964552959', 1234, 1, '2022-09-17 12:11:39', '2022-09-17 12:11:39'),
(31, '25', '398', 'images/20220917T130220249Z201067/download (1).jpeg', 'Jagidistributor', '8545657535', 'jagidis@gmail.com', 'MTIzNDU2', '1526407551551052', 1234, 1, '2022-09-17 18:32:20', '2022-09-17 18:32:20'),
(32, '26', '399', 'images/20220920T085719990Z197722/download.jpeg', 'AbidsDistributor', '8624753190', 'abidsD@gmail.com', 'MTIzNDU2', '2144346284411815', 1234, 1, '2022-09-20 14:27:20', '2022-09-20 14:27:20'),
(33, '23', '395', 'images/20220927T104703938Z612121/bird2.jpg', 'fsdf', '9988775544', 'fsdfsd@ghf.com', 'MTIzNDU2', '', 0, 1, '2022-09-27 16:17:04', '2022-09-27 16:17:04'),
(34, '27', '400', 'images/20220927T110807691Z473522/10.jpg', 'testdescrpt', '9098765432', 'distr@gmail.com', 'MTIzNDU2', '', 1234, 1, '2022-09-27 16:38:08', '2022-09-27 16:38:08'),
(35, '28', '401', 'images/20220929T051121025Z715569/intro-screen-background.png', 'dush', '7984613565', 'dush123@gmail.com', 'MTIzNDU2', '', 1234, 1, '2022-09-29 10:41:21', '2022-09-29 10:41:21'),
(36, '29', '403', 'images/20220929T104851683Z509485/6.jpg', 'vcghf', '8908765432', 'fghfg@fgj.in', 'MTIzNDU2', '', 0, 1, '2022-09-29 16:18:52', '2022-09-29 16:18:52'),
(37, '28', '401', 'images/20220929T115838133Z947521/12.jpg', 'dtyht', '7890789098', 'ty@ghj.in', 'MTIzNDU2', '', 1234, 1, '2022-09-29 17:28:38', '2022-09-29 17:28:38'),
(38, '30', '405', 'images/20220929T123613523Z007167/download (9).jpeg', 'onedest', '8766789098', 'dest@gmail.com', 'MTIzNDU2', '', 0, 1, '2022-09-29 18:06:14', '2022-09-29 18:06:14'),
(39, '31', '406', 'images/20220929T123702173Z107510/download (10).jpeg', 'twodest', '9879879870', 'desttwo@gmail.com', 'MTIzNDU2', '', 1234, 1, '2022-09-29 18:07:02', '2022-09-29 18:07:02'),
(41, '32', '407', 'images/20220929T133146795Z671594/3.jpg', 'bharat', '7898989000', 'bharat123@gmail.com', 'MTIzNDU2', '', 1234, 1, '2022-09-29 19:01:47', '2022-09-29 19:01:47'),
(42, '33', '409', 'images/20220930T072747195Z606826/download (6).jpg', 'KEM Distributor', '8188180981', 'KEMdist@gmail.com', 'MTIzNDU2', '', 1234, 0, '2022-09-30 12:57:47', '2022-09-30 12:57:47'),
(43, '33', '409', 'images/20221004T123439412Z498357/nodejsPic.jpg', 'askash', '7854896585', 'dfasdf@gmail.com', 'MTIzNDU2', '', 0, 1, '2022-10-04 18:04:39', '2022-10-04 18:04:39'),
(44, '30', '405', 'images/20221006T130623413Z382361/nodejsPic.jpg', 'rydydy', '7895658623', 'dfhsd@gmail.com', 'MTIzNDU2', '', 0, 1, '2022-10-06 18:36:23', '2022-10-06 18:36:23'),
(45, '35', '413', '', 'abdul', '8795848587', 'varun123@gmail.com', 'MTIzNDU2', '', 0, 0, '2022-10-15 12:41:12', '2022-10-15 12:41:12'),
(46, '35', '413', 'images/20221015T090449981Z872023/bird2.jpg', 'abdul', '7895869856', 'abdul@gmail.com', 'MTIzNDU2', '', 0, 0, '2022-10-15 12:45:19', '2022-10-15 12:45:19'),
(47, '35', '413', 'images/20221015T103908033Z041909/download (1).jpeg', 'abdul', '8798548744', 'varun123@gmail.com', 'MTIzNDU2', '', 0, 1, '2022-10-15 16:09:08', '2022-10-15 16:09:08'),
(48, '35', '413', 'images/20221017T103047816Z076766/download (1).jpeg', 'dgsdfg', '7858485875', 'varun123@gmail.com', 'MTIzNDU2', '', 0, 1, '2022-10-17 16:00:48', '2022-10-17 16:00:48'),
(49, '36', '414', 'images/20221018T055745875Z530211/download (1).jpeg', 'rajkumar', '8987898888', 'araj@gmail.com', 'MTIzNDU2', '', 0, 1, '2022-10-18 11:27:46', '2022-10-18 11:27:46'),
(50, '31', '406', 'images/20221018T123939905Z715613/download.jpeg', 'bharath', '8787878788', 'ajayayya987@gmail.com', 'MTIzNDU2', '', 0, 1, '2022-10-18 18:09:40', '2022-10-18 18:09:40'),
(51, '37', '415', 'images/20221018T133151624Z866444/bird2.jpg', 'prk', '9854758745', 'prk@gmai.com', 'MTIzNDU2', '', 0, 1, '2022-10-18 19:01:52', '2022-10-18 19:01:52'),
(52, '37', '415', 'images/20221018T141704158Z819972/download.jpeg', 'vizagD', '8547896587', 'vizagD@gmail.com', 'MTIzNDU2', '', 1234, 1, '2022-10-18 19:47:04', '2022-10-18 19:47:04'),
(53, '39', '418', 'images/20221018T155902026Z404918/download.jpeg', 'Srujan', '8595756545', 'sru@gmail.com', 'MTIzNDU2', '', 1234, 1, '2022-10-18 21:29:02', '2022-10-18 21:29:02'),
(54, '40', '419', 'images/20221019T053159388Z308318/10.jpg', 'testttt', '6786543216', 'testtt@gmail.com', 'MTIzNDU2', '', 1234, 1, '2022-10-19 11:01:59', '2022-10-19 11:01:59'),
(55, '46', '426', 'images/20221019T123546329Z906830/10.jpg', 'dfhjfgj', '8765456543', 'hgjg@fgjghm.im', 'MTIzNDU2', '', 0, 1, '2022-10-19 18:05:46', '2022-10-19 18:05:46'),
(56, '49', '431', 'images/20221020T121020621Z302468/bird2.jpg', 'someone', '8958758482', 'someone@gmail.com', 'MTIzNDU2', '', 0, 1, '2022-10-20 17:40:21', '2022-10-20 17:40:21'),
(57, '50', '433', 'images/20221020T151228397Z440507/download (1).jpeg', 'hgfnfh', '8575956535', 'hnhfn@ghgh.jhj', 'MTIzNDU2', '', 0, 1, '2022-10-20 20:42:28', '2022-10-20 20:42:28');

-- --------------------------------------------------------

--
-- Table structure for table `district`
--

CREATE TABLE `district` (
  `district_id` int NOT NULL,
  `district` varchar(200) NOT NULL,
  `status` int NOT NULL,
  `created_at` datetime NOT NULL,
  `updated_at` datetime NOT NULL
) ENGINE=InnoDB DEFAULT CHARSET=latin1;

--
-- Dumping data for table `district`
--

INSERT INTO `district` (`district_id`, `district`, `status`, `created_at`, `updated_at`) VALUES
(1, 'khammam', 0, '0000-00-00 00:00:00', '0000-00-00 00:00:00'),
(2, 'hyd', 0, '0000-00-00 00:00:00', '0000-00-00 00:00:00'),
(4, 'nizambad', 1, '2022-07-26 00:00:00', '2022-07-26 00:00:00'),
(5, 'ranga reddy', 0, '2022-07-26 00:00:00', '2022-07-26 00:00:00'),
(6, 'adilabadddd', 1, '2022-07-26 00:00:00', '2022-08-03 00:00:00'),
(7, 'Warangal', 0, '2022-08-27 15:10:14', '2022-08-27 15:10:14'),
(8, 'kothagudemmm', 1, '2022-08-27 17:30:07', '2022-08-27 17:30:07'),
(9, 'delhi', 1, '2022-09-01 12:07:55', '2022-09-01 12:07:55'),
(10, 'Balanagar', 1, '2022-09-03 11:35:17', '2022-09-03 11:35:17'),
(17, 'Test Zone B', 1, '2022-09-10 16:24:12', '2022-09-10 16:24:12'),
(23, 'Demo zoness', 1, '2022-09-14 15:48:20', '2022-09-14 15:48:20'),
(24, 'Miyapur', 1, '2022-09-17 11:53:33', '2022-09-17 11:53:33'),
(25, 'Jagithyalfg', 1, '2022-09-17 18:28:24', '2022-09-17 18:28:24'),
(26, 'abids', 1, '2022-09-20 14:23:14', '2022-09-20 14:23:14'),
(27, 'test', 1, '2022-09-27 16:36:25', '2022-09-27 16:36:25'),
(28, 'Nizamabad', 1, '2022-09-29 10:38:45', '2022-09-29 10:38:45'),
(29, 'bhrat', 1, '2022-09-29 16:18:01', '2022-09-29 16:18:01'),
(30, 'zoneone', 1, '2022-09-29 18:00:33', '2022-09-29 18:00:33'),
(31, 'zonetwo', 1, '2022-09-29 18:00:43', '2022-09-29 18:00:43'),
(32, 'zonethree', 1, '2022-09-29 18:00:53', '2022-09-29 18:00:53'),
(33, 'Sathupally Zone', 1, '2022-09-30 12:50:53', '2022-09-30 12:50:53'),
(34, 'kalluruu', 0, '2022-10-15 12:08:19', '2022-10-15 12:08:19'),
(35, 'kalluru', 1, '2022-10-15 12:09:08', '2022-10-15 12:09:08'),
(36, 'rajmaundry', 1, '2022-10-18 11:25:38', '2022-10-18 11:25:38'),
(37, 'KHAMMAM URABAN', 1, '2022-10-18 18:59:56', '2022-10-18 18:59:56'),
(38, 'vizag', 1, '2022-10-18 19:32:13', '2022-10-18 19:32:13'),
(39, 'Double ka meetha', 1, '2022-10-18 20:55:45', '2022-10-18 20:55:45'),
(40, 'onezoneA', 1, '2022-10-19 10:50:18', '2022-10-19 10:50:18'),
(41, 'zoneTwoB', 1, '2022-10-19 10:50:51', '2022-10-19 10:50:51'),
(42, 'madhapurR', 1, '2022-10-19 11:33:53', '2022-10-19 11:33:53'),
(43, 'zzzzzz', 1, '2022-10-19 18:01:48', '2022-10-19 18:01:48'),
(44, 'karidhfiud', 1, '2022-10-19 19:36:37', '2022-10-19 19:36:37'),
(45, 'czfhsfghbxcvvb', 1, '2022-10-19 19:38:45', '2022-10-19 19:38:45'),
(46, 'district', 1, '2022-10-20 10:29:12', '2022-10-20 10:29:12'),
(47, 'wthetjrtgj', 0, '2022-10-20 10:50:36', '2022-10-20 10:50:36'),
(48, 'sample Dist', 1, '2022-10-20 15:32:28', '2022-10-20 15:32:28'),
(49, 'something', 1, '2022-10-20 17:38:03', '2022-10-20 17:38:03'),
(50, 'Hamsa', 0, '2022-10-20 20:40:21', '2022-10-20 20:40:21'),
(51, 'Sarakka', 1, '2022-10-21 13:32:41', '2022-10-21 13:32:41');

-- --------------------------------------------------------

--
-- Table structure for table `hospital`
--

CREATE TABLE `hospital` (
  `hospital_id` int NOT NULL,
  `district` int NOT NULL,
  `hospital_name` varchar(200) NOT NULL,
  `logo` varchar(200) NOT NULL,
  `address` text NOT NULL,
  `biller_name` varchar(100) NOT NULL,
  `biller_email_id` varchar(200) NOT NULL,
  `password` varchar(255) NOT NULL,
  `hash` varchar(255) NOT NULL,
  `role` int NOT NULL,
  `otp` int NOT NULL,
  `contact_number` varchar(20) NOT NULL,
  `status` int NOT NULL,
  `created_at` datetime NOT NULL,
  `updated_at` datetime NOT NULL
) ENGINE=InnoDB DEFAULT CHARSET=latin1;

--
-- Dumping data for table `hospital`
--

INSERT INTO `hospital` (`hospital_id`, `district`, `hospital_name`, `logo`, `address`, `biller_name`, `biller_email_id`, `password`, `hash`, `role`, `otp`, `contact_number`, `status`, `created_at`, `updated_at`) VALUES
(11, 3, 'apollo', 'images/20220804T072414016Z931429/bird2.jpg', '2', 'varunnnnn', 'varun@gmail.cm', '', '', 3, 1234, '54496463136', 1, '2022-08-04 12:43:30', '2022-08-04 12:43:30'),
(14, 5, 'kimms', '', 'hyderbad', 'varun', 'varuyb@gmail.com', '', '', 3, 0, '25896314789', 0, '2022-08-04 18:53:54', '2022-08-04 18:53:54'),
(16, 1, 'Apolllo', 'images/20220804T140808948Z646707/bird2.jpg', 'hyderbad', 'Biller', 'biller@gmail.com', 'f1cfe2f56e142f03727ac4056452ba7b', '5034568621534388', 3, 1234, '123456789', 1, '2022-08-04 19:00:41', '2022-08-04 19:00:41'),
(19, 6, 'vcare', 'images/20220805T045958849Z472843/bird2.jpg', 'hyderabad', 'kamal', 'kamal@gmail.com', '', '', 3, 0, '9854763210', 1, '2022-08-05 10:29:59', '2022-08-05 10:29:59'),
(378, 15, 'arogya', 'images/20220809T134506560Z650272/download.jpeg', 'hyderbad', 'pradhan', 'arogya@pradhan123.com', 'b1701aaef606652688894430393a962c', '8456402274613469', 3, 1234, '9517532480', 1, '2022-08-09 19:15:07', '2022-08-09 19:15:07'),
(381, 8, 'arogyaaaaa', 'images/20220908T105725555Z718910/10.png', 'hyderabadddd', 'pradhannnnn', 'pradhan@gmail.com', '136f21283e279b04a73c2c3ce8107911', '1115445464047426', 3, 1234, '9874563210', 1, '2022-08-09 19:18:28', '2022-08-09 19:18:28'),
(388, 12, 'mamatha', 'images/20220910T101517392Z633314/bird1.jpg', 'warangal cross road', 'cobra', 'cobra@gmail.com', 'b888b7cb55f48bf972e683eba53eab38', '1430943998265861', 3, 1234, '7896584213', 1, '2022-09-10 15:45:17', '2022-09-10 15:45:17'),
(389, 10, 'Wellness', 'images/20220910T105852369Z053635/3900765_accenture-logo-accenture-logo-png-png-download (2).png', 'Ameerpet Hyderabad', 'Dushyanth', 'dushyanth@gmail.com', 'c501a40d126718f3ff9cd9bc1acb6d03', '1414656997467439', 3, 0, '9874563210', 1, '2022-09-10 16:28:52', '2022-09-10 16:28:52'),
(391, 21, 'Care hospital', 'images/20220912T145351166Z369768/Screenshot from 2022-09-12 20-20-30.png', 'rangareddy', 'Venkatesh', 'venkatesh@gmail.com', '540cf741fac3b5a7f03e36687348801c', '6782636271584411', 3, 0, '8545651535', 0, '2022-09-12 20:23:51', '2022-09-12 20:23:51'),
(393, 22, 'bharat', 'images/20220914T080846504Z117090/1.jpg', 'fgdfhdfghdfghy', 'demo', 'demo@gmail.com', '9c8d7499e255a39bc99bdde8b118383f', '6446540107182669', 3, 0, '6786786789', 1, '2022-09-14 13:38:47', '2022-09-14 13:38:47'),
(394, 13, 'htyh', 'images/20220914T094523313Z005955/543.png', 'dvgdfsgfdshfgh', 'ghnjhfg', 'gfh@ghj.in', '03652f1a627bd7e02d633dfa46eb0a91', '6658313866419701', 3, 0, '7897897889', 1, '2022-09-14 15:15:23', '2022-09-14 15:15:23'),
(395, 23, 'Demo', 'images/20220914T104209566Z455004/bg_image.jpg', 'Demo Zone Hyd', 'RameshDemo', 'ramesh@gmail.com', '2bee9616448bcf94e45943d214fe4120', '1157768024272419', 3, 0, '7898456512', 1, '2022-09-14 16:12:10', '2022-09-14 16:12:10'),
(397, 24, 'Miyapur hsp', 'images/20220917T062530676Z439334/bird2.jpg', 'miyapurHydTs', 'Naresh', 'naresh@gmail.com', 'f42dff3fde0af6c01bb0cab41753c548', '9860250095916142', 3, 0, '7896541230', 1, '2022-09-17 11:55:31', '2022-09-17 11:55:31'),
(398, 25, 'Jagi HPS', 'images/20220917T130032605Z495984/download (1).jpeg', 'Jagi HPS Hyderabad', 'Sai Dhagad', 'saidhagad@gmail.com', '44a7333016765d3e3dc0abc93eeed951', '1219242636337420', 3, 1234, '8545651535', 1, '2022-09-17 18:30:33', '2022-09-17 18:30:33'),
(399, 26, 'abids cure Hsp', 'images/20220920T085530357Z320988/bird1.jpg', 'abids Hyderabad', 'abidsBiller', 'abids@gmail.com', '3f1c3738d2cce811de22159aa48fe987', '4235420667136352', 3, 0, '9875236140', 1, '2022-09-20 14:25:30', '2022-09-20 14:25:30'),
(400, 27, 'testhop', 'images/20220927T110709355Z573817/8.jpg', 'rg tryh', 'nnh', 'test123@gmail.com', '200fa62643f52b4cd734b5b38c86ca8a', '6251406316823194', 3, 0, '7778888990', 1, '2022-09-27 16:37:09', '2022-09-27 16:37:09'),
(403, 29, 'bhh', 'images/20220929T104829534Z682853/6.jpg', 'dsfbhfg', 'test', 'test@gmail.com', '3837d6ad00076069562118a212e128e2', '6107127444846467', 3, 1234, '7897896543', 1, '2022-09-29 16:18:30', '2022-09-29 16:18:30'),
(405, 30, 'onehospital', 'images/20220929T123459411Z083818/images (9).jpeg', 'madhapur', 'one', 'one123@gmail.com', '581feda7cb5bcba37c4838a0fd3057b7', '6135425136459558', 3, 0, '6786785432', 1, '2022-09-29 18:01:47', '2022-09-29 18:01:47'),
(406, 31, 'twohospital', 'images/20220929T123512710Z004277/images (8).jpeg', 'hyderbad', 'two', 'two@gmail.com', '80dc9018ee9560ad6402dbd71ec2e368', '2781280106514825', 3, 0, '8908909878', 1, '2022-09-29 18:03:05', '2022-09-29 18:03:05'),
(411, 4, 'KIMSS', 'images/20221006T121813069Z504307/images (8).jpeg', '23/1 @ , GHGFHJF', 'LEELA', 'lee@gmail.com', '3726f7729b1ac560b2fb3ac24815080c', '6872726620725123', 3, 0, '7897897654', 1, '2022-10-06 17:48:13', '2022-10-06 17:48:13'),
(412, 32, 'vbgbhf', 'images/20221006T122118893Z075999/1.jpg', 'fghf, @v ghfg5647y', 'vbhvdfbgfh', 'cvb@njh.in', '07913931f0a13fd322005907d0951bd2', '3253155740305611', 3, 0, '7897654327', 0, '2022-10-06 17:51:19', '2022-10-06 17:51:19'),
(414, 36, 'rajmaundry Hsp', 'images/20221018T055644288Z634778/download.jpeg', 'rajlll, fashfikhsidhf, 788/57552', 'raj', 'raj@gmail.com', '32d02a80bf391f154128ac3c67667126', '9474646922449298', 3, 1234, '8978987899', 1, '2022-10-18 11:26:44', '2022-10-18 11:26:44'),
(415, 37, 'khamma mamatha', 'images/20221018T133121182Z844230/download.jpeg', 'khammam 5588/855555', 'prakashhh', 'prrk@gmail.com', '6df1e62bd5b6f06f681ae8cff213c9e4', '8455815194768544', 3, 0, '7895898748', 0, '2022-10-18 19:01:21', '2022-10-18 19:01:21'),
(419, 40, 'hostlA', 'images/20221019T052656848Z562427/8.jpg', '23333 ,   567@dS GHFG   GGG', 'sdfADD', 'abcd123@gmail.com', 'fd4cf37c55b191c45e2e521d4e350e03', '4293248273031655', 3, 0, '6786786788', 1, '2022-10-19 10:56:57', '2022-10-19 10:56:57'),
(420, 38, 'abcd', 'images/20221019T052832107Z805662/30af2168b6a87f174d5d2da0f095b30a.jpg', 'fvdczg', 'dftgd', 'dfghf@rty.in', '8559487d7adf9954055d1d26c990714d', '9872022046374166', 3, 0, '6786785555', 0, '2022-10-19 10:58:32', '2022-10-19 10:58:32'),
(423, 41, 'fgdfg', 'images/20221019T061436307Z205585/download (1).jpeg', 'dafyhwdfb', 'adfgqerg', 'kumarrrr@gmial.com', '06477df462e0dbb3c51d4d5284dd70c7', '6140482071465133', 3, 0, '8952140002', 0, '2022-10-19 11:44:36', '2022-10-19 11:44:36'),
(425, 43, 'hfghfg', 'images/20221019T123444485Z775149/8.jpg', 'fgnhjg', 'hjfgh', 'ghjf@tryh.in', 'c149f2626a7f042fe7ed3ff48178c1d1', '4553518178554852', 3, 0, '7897654323', 1, '2022-10-19 18:04:44', '2022-10-19 18:04:44'),
(426, 46, 'prakash Hsp', 'images/20221020T050008557Z362326/nodejsPic.jpg', 'kjhdifhasif', 'dskhfi', 'prakashh@gmail.com', '5f7f91cb462ac883f200baf913d543c3', '8802576217258615', 3, 0, '7859548588', 1, '2022-10-20 10:30:09', '2022-10-20 10:30:09'),
(427, 47, 'fgbjsdkfhgkwr', 'images/20221020T052111840Z743956/download.jpeg', 'thethndf', 'fghefhe', 'shefgh@gmail.com', '31c794e8bca197b1d50ba4df7938c24a', '5242571572311131', 3, 0, '8957584588', 1, '2022-10-20 10:51:12', '2022-10-20 10:51:12'),
(428, 38, 'trytr', 'images/20221020T054012374Z803749/9.jpg', 'hjgf', 'hjghjhgjghj', 'hgjgh@tr.in', '6b65bd8c38cc17d5420885f20adaedff', '3798860154411063', 3, 0, '7865434567', 1, '2022-10-20 11:10:12', '2022-10-20 11:10:12'),
(429, 9, 'gfdgdfgf', 'images/20221020T100048821Z438272/pic2.jpg', 'fgdfgfdg', 'fdgdfgdfgdf', 'dfgdg@fgd.com', 'd8739927c5f276fcbe23f69eb0a4e73a', '2126759425211622', 3, 0, '9988554477', 1, '2022-10-20 15:30:49', '2022-10-20 15:30:49'),
(430, 42, 'gdfgsdfg', 'images/20221020T105001621Z391196/download (1).jpeg', 'dfgsdfhsdf', 'sdfgdsg', 'sdfg@gmail.com', 'd448efeed31a8d117a9b07606399b1e8', '6626864437050390', 3, 0, '8457958655', 1, '2022-10-20 16:20:02', '2022-10-20 16:20:02'),
(431, 49, 'something Hsp', 'images/20221020T120854683Z124031/download.jpeg', 'something address', 'someone', 'someone@gmail.jjj', '1bb7968ce4f4ba57df2999275d0b0f0e', '1966006814870631', 3, 0, '9284785875', 1, '2022-10-20 17:38:55', '2022-10-20 17:38:55'),
(432, 33, 'dhushanu  Hsp', 'images/20221020T125627857Z208546/nodejsPic.jpg', 'gfhdfgh', 'dushanu', 'kadf@gmail.com', '2ef5f4688a2ef46c0077263bb51bdd62', '2609017686296330', 3, 0, '8745621555', 1, '2022-10-20 18:26:28', '2022-10-20 18:26:28'),
(433, 50, 'hamsahos', 'images/20221020T151100543Z715340/download.jpeg', 'bdbshdngn', 'dfggdffdgf', 'dfgfd@gdfg.ghjh', 'fb47060bfe66d65db7bd6b49167cb2b1', '2510246522141122', 3, 0, '8575452565', 1, '2022-10-20 20:41:01', '2022-10-20 20:41:01');

-- --------------------------------------------------------

--
-- Table structure for table `payment`
--

CREATE TABLE `payment` (
  `id` int NOT NULL,
  `district_id` int NOT NULL,
  `distributor_id` int NOT NULL,
  `users_id` int NOT NULL,
  `agent_id` int NOT NULL,
  `amount` varchar(200) NOT NULL,
  `payment_id` varchar(255) NOT NULL,
  `commission_gen_id` varchar(200) NOT NULL,
  `distributor_commission` varchar(200) NOT NULL,
  `distributor_ref` varchar(200) NOT NULL,
  `distributor_commi_status` int NOT NULL,
  `hospital_commission` varchar(200) NOT NULL,
  `hospital_ref` varchar(200) NOT NULL,
  `hospital_commi_status` int NOT NULL,
  `agent_commission` varchar(200) NOT NULL,
  `agent_ref` varchar(200) NOT NULL,
  `agent_commi_status` int NOT NULL,
  `status` int NOT NULL,
  `created_at` datetime NOT NULL,
  `updated_at` datetime NOT NULL
) ENGINE=InnoDB DEFAULT CHARSET=latin1;

--
-- Dumping data for table `payment`
--

INSERT INTO `payment` (`id`, `district_id`, `distributor_id`, `users_id`, `agent_id`, `amount`, `payment_id`, `commission_gen_id`, `distributor_commission`, `distributor_ref`, `distributor_commi_status`, `hospital_commission`, `hospital_ref`, `hospital_commi_status`, `agent_commission`, `agent_ref`, `agent_commi_status`, `status`, `created_at`, `updated_at`) VALUES
(1, 1, 20, 381, 2, '2000', 'adfgdgfgdd2', '642301', '', '', 0, '', '', 0, '', '', 0, 1, '2022-07-26 00:00:00', '2022-08-03 00:00:00'),
(20, 10, 18, 446, 10, '2000', 'pay_id_898', '642301', '', '', 0, '', '', 0, '', '', 0, 1, '2022-09-08 11:53:32', '2022-09-08 11:53:32'),
(21, 10, 17, 451, 10, '2000', 'pay_id_898', '303230', '', '', 0, '', '', 0, '', '', 0, 1, '2022-09-08 16:12:26', '2022-09-08 16:12:26'),
(22, 10, 16, 456, 10, '2000', 'pay_id_898', '184276', '', '', 0, '', '', 0, '', '', 0, 1, '2022-09-08 19:21:52', '2022-09-08 19:21:52'),
(23, 10, 15, 457, 10, '2000', 'pay_id_898', '453441', '', '', 0, '', '', 0, '', '', 0, 1, '2022-09-08 19:25:32', '2022-09-08 19:25:32'),
(24, 10, 14, 458, 10, '2000', 'pay_id_898', '730535', '', '', 0, '', '', 0, '', '', 0, 1, '2022-09-08 19:31:30', '2022-09-08 19:31:30'),
(25, 10, 13, 462, 22, '2000', '5646', '828757', '', '', 0, '', '', 0, '', '', 0, 1, '2022-09-09 14:45:42', '2022-09-09 14:45:42'),
(26, 10, 12, 462, 22, '2000', '5646', '888329', '', '', 0, '', '', 0, '', '', 0, 1, '2022-09-09 14:47:46', '2022-09-09 14:47:46'),
(27, 10, 9, 462, 22, '2000', '5646', '163542', '', '', 0, '', '', 0, '', '', 0, 1, '2022-09-09 14:51:11', '2022-09-09 14:51:11'),
(28, 10, 8, 385, 2, '2000', 'dggf5373fd123', '931579', '', '', 0, '', '', 0, '', '', 0, 1, '2022-09-09 19:39:01', '2022-09-09 19:39:01'),
(29, 10, 8, 477, 10, '2000', 'jojhuihk55856', '805003', '', '', 0, '', '', 0, '', '', 0, 1, '2022-09-10 11:56:58', '2022-09-10 11:56:58'),
(30, 5, 7, 500, 10, '2000', 'pay_id_898', '271842', '', '', 0, '', '', 0, '', '', 0, 1, '2022-09-10 12:37:20', '2022-09-10 12:37:20'),
(31, 12, 6, 501, 47, '2000', 'pay_id_898', '303016', '', '', 0, '', '', 0, '', '', 0, 1, '2022-09-10 16:58:14', '2022-09-10 16:58:14'),
(32, 12, 5, 502, 47, '2000', 'pay_id_898', '457472', '', '', 0, '', '', 0, '', '', 0, 1, '2022-09-10 17:28:50', '2022-09-10 17:28:50'),
(33, 17, 4, 503, 47, '2000', 'pay_id_898', '948626', '', '', 0, '', '', 0, '', '', 0, 1, '2022-09-10 18:17:28', '2022-09-10 18:17:28'),
(34, 17, 3, 504, 47, '2000', 'pay_id_898', '737157', '', '', 0, '', '', 0, '', '', 0, 1, '2022-09-12 11:53:53', '2022-09-12 11:53:53'),
(35, 7, 16, 382, 49, '2000', 'pay_id_898', '484594', '', '', 0, '', '', 0, '', '', 0, 1, '2022-09-12 15:19:49', '2022-09-12 15:19:49'),
(36, 5, 16, 380, 10, '2000', 'pay_id_898', '644091', '', '', 0, '', '', 0, '', '', 0, 1, '2022-09-12 17:07:19', '2022-09-12 17:07:19'),
(37, 14, 1, 385, 55, '2000', '65416546', '340737', '', '', 0, '', '', 0, '', '', 0, 1, '2022-09-14 13:51:22', '2022-09-14 13:51:22'),
(38, 14, 1, 477, 55, '2000', '65416546', '410271', '', '', 0, '', '', 0, '', '', 0, 1, '2022-09-14 14:13:15', '2022-09-14 14:13:15'),
(39, 16, 16, 486, 10, '2000', 'jojhuihk55856', '327021', '', '', 0, '', '', 0, '', '', 0, 1, '2022-09-15 12:27:35', '2022-09-15 12:27:35'),
(40, 16, 16, 497, 10, '2000', 'jojhuihk55856', '358035', '', '', 0, '', '', 0, '', '', 0, 1, '2022-09-15 12:31:18', '2022-09-15 12:31:18'),
(43, 0, 16, 497, 73, '2000', 'pay_id_898', '138402', '', '', 0, '', '', 0, '', '', 0, 1, '2022-09-15 14:13:23', '2022-09-15 14:13:23'),
(44, 0, 16, 0, 73, '2000', 'pay_id_898', '618692', '', '', 0, '', '', 0, '', '', 0, 1, '2022-09-15 15:38:08', '2022-09-15 15:38:08'),
(45, 0, 0, 0, 70, '2000', 'pay_id_898', '160169', '', '', 0, '', '', 0, '', '', 0, 1, '2022-09-15 16:42:44', '2022-09-15 16:42:44'),
(46, 0, 0, 0, 70, '2000', 'pay_id_898', '224376', '', '', 0, '', '', 0, '', '', 0, 1, '2022-09-15 16:48:36', '2022-09-15 16:48:36'),
(47, 0, 0, 0, 70, '2000', 'pay_id_898', '324798', '', '', 0, '', '', 0, '', '', 0, 1, '2022-09-15 16:50:05', '2022-09-15 16:50:05'),
(48, 0, 16, 0, 73, '2000', 'pay_id_898', '414519', '', '', 0, '', '', 0, '', '', 0, 1, '2022-09-15 17:39:33', '2022-09-15 17:39:33'),
(49, 0, 0, 0, 70, '2000', 'pay_id_898', '243778', '', '', 0, '', '', 0, '', '', 0, 1, '2022-09-15 17:45:42', '2022-09-15 17:45:42'),
(50, 0, 16, 0, 73, '2000', 'pay_id_898', '970079', '', '', 0, '', '', 0, '', '', 0, 1, '2022-09-15 17:45:52', '2022-09-15 17:45:52'),
(51, 0, 16, 0, 73, '2000', 'pay_id_898', '152102', '', '', 0, '', '', 0, '', '', 0, 1, '2022-09-16 11:40:56', '2022-09-16 11:40:56'),
(52, 0, 16, 0, 73, '2000', 'pay_id_898', '804000', '', '', 0, '', '', 0, '', '', 0, 1, '2022-09-16 13:00:25', '2022-09-16 13:00:25'),
(54, 0, 16, 0, 73, '2000', 'pay_id_898', '573754', '', '', 0, '', '', 0, '', '', 0, 1, '2022-09-16 13:10:14', '2022-09-16 13:10:14'),
(55, 14, 1, 83, 73, '2000', '65416546', '941388', '', '', 0, '', '', 0, '', '', 0, 1, '2022-09-16 13:10:50', '2022-09-16 13:10:50'),
(57, 0, 73, 0, 16, '2000', 'pay_id_898', '588374', '', '', 0, '', '', 0, '', '', 0, 1, '2022-09-16 13:53:09', '2022-09-16 13:53:09'),
(58, 10, 16, 477, 73, '2000', 'jojhuihk55856', '938507', '', '', 0, '', '', 0, '', '', 0, 1, '2022-09-16 13:54:00', '2022-09-16 13:54:00'),
(59, 0, 16, 0, 73, '2000', 'pay_id_898', '998882', '', '', 0, '', '', 0, '', '', 0, 1, '2022-09-16 13:59:23', '2022-09-16 13:59:23'),
(85, 24, 0, 546, 80, '2000', 'pay_859', '354116', '', '', 0, '', '', 0, '', '', 0, 1, '2022-09-17 16:34:56', '2022-09-17 16:34:56'),
(86, 25, 0, 550, 87, '2000', 'pay_id_898', '827169', '', '', 0, '', '', 0, '800', '6789054', 2, 1, '2022-09-17 18:34:57', '2022-09-17 18:34:57'),
(87, 25, 0, 551, 87, '2000', 'pay_id_898', '244591', '200', 'dfdgerg', 2, '800', '9876541gth', 2, '', '', 0, 1, '2022-09-17 19:02:20', '2022-09-17 19:02:20'),
(88, 25, 0, 552, 87, '2000', 'pay_id_898', '795527', '200', 'dfasrger', 2, '800', 'dushyanth', 2, '', '', 0, 1, '2022-09-17 19:25:18', '2022-09-17 19:25:18'),
(89, 25, 30, 553, 87, '2000', 'pay_id_898', '935948', '', '', 0, '800', 'fufuyu', 2, '', '', 0, 1, '2022-09-19 11:14:48', '2022-09-19 11:14:48'),
(90, 25, 31, 554, 92, '2000', 'pay_id_898', '929247', '', '', 0, '800', 'hjbjhb', 2, '800', 'cvbcvbvb', 2, 1, '2022-09-19 14:50:00', '2022-09-19 14:50:00'),
(91, 25, 31, 554, 92, '2000', 'pay_674', '285257', '', '', 0, '', '', 0, '', '', 0, 1, '2022-09-19 19:40:07', '2022-09-19 19:40:07'),
(92, 25, 31, 554, 92, '2000', 'pay_152', '983037', '', '', 0, '', '', 0, '', '', 0, 1, '2022-09-19 19:43:20', '2022-09-19 19:43:20'),
(93, 25, 31, 554, 92, '2000', 'pay_585', '394817', '', '', 0, '', '', 0, '', '', 0, 1, '2022-09-19 19:44:44', '2022-09-19 19:44:44'),
(94, 25, 31, 554, 92, '2000', 'pay_952', '937555', '', '', 0, '', '', 0, '', '', 0, 1, '2022-09-19 19:45:04', '2022-09-19 19:45:04'),
(95, 25, 31, 554, 92, '2000', 'pay_10', '178787', '', '', 0, '', '', 0, '', '', 0, 1, '2022-09-19 19:49:22', '2022-09-19 19:49:22'),
(96, 25, 31, 554, 92, '2000', 'pay_545', '937984', '', '', 0, '', '', 0, '', '', 0, 1, '2022-09-19 19:49:37', '2022-09-19 19:49:37'),
(98, 26, 0, 556, 94, '2000', 'pay_id_898', '163920', '', '', 0, '800', 'fhy363', 2, '800', '014520jh', 2, 1, '2022-09-20 15:27:13', '2022-09-20 15:27:13'),
(99, 26, 0, 557, 94, '2000', 'pay_id_898', '254995', '200', 'dushyanth', 2, '', '', 0, '', '', 0, 1, '2022-09-20 15:37:08', '2022-09-20 15:37:08'),
(100, 10, 16, 562, 73, '2000', 'pay_id_898', '981544', '', '', 0, '', '', 0, '800', 'hkjhjhjkhjk', 2, 1, '2022-09-27 11:58:23', '2022-09-27 11:58:23'),
(101, 27, 0, 563, 96, '2000', 'pay_id_898', '242810', '200', 'tvisha', 2, '', '', 0, '800', 'tvisha', 2, 1, '2022-09-27 17:54:25', '2022-09-27 17:54:25'),
(102, 10, 16, 564, 73, '2000', 'pay_id_898', '270714', '', '', 0, '', '', 0, '800', '1234567', 2, 1, '2022-09-27 19:55:45', '2022-09-27 19:55:45'),
(103, 25, 31, 566, 92, '2000', 'pay_id_898', '365453', '', '', 0, '', '', 0, '800', '123789', 2, 1, '2022-09-28 10:40:09', '2022-09-28 10:40:09'),
(104, 10, 16, 567, 73, '2000', 'pay_id_898', '790340', '', '', 0, '', '', 0, '', '', 0, 1, '2022-09-28 14:56:00', '2022-09-28 14:56:00'),
(105, 27, 0, 568, 96, '2000', 'pay_id_898', '865704', '', '', 0, '', '', 0, '800', 'srujan', 2, 1, '2022-09-29 10:18:21', '2022-09-29 10:18:21'),
(106, 28, 1, 569, 103, '2000', 'pay_id_898', '514068', '', '', 0, '', '', 0, '', '', 0, 1, '2022-09-29 10:45:05', '2022-09-29 10:45:05'),
(107, 10, 16, 570, 73, '2000', 'pay_id_898', '607047', '200', 'yyyyyy', 2, '', '', 0, '800', 'xxxxxxxx', 2, 1, '2022-09-29 11:13:09', '2022-09-29 11:13:09'),
(108, 28, 35, 571, 104, '2000', 'pay_id_898', '218474', '200', 'chillll', 2, '', '', 0, '800', 'c', 2, 1, '2022-09-29 11:20:26', '2022-09-29 11:20:26'),
(109, 8, 16, 572, 106, '2000', 'pay_id_898', '903556', '', '', 0, '', '', 0, '800', 'fg', 2, 1, '2022-09-29 15:17:14', '2022-09-29 15:17:14'),
(110, 8, 16, 573, 106, '2000', 'pay_id_898', '486970', '', '', 0, '', '', 0, '800', 'bharat', 2, 1, '2022-09-29 15:19:53', '2022-09-29 15:19:53'),
(111, 28, 35, 574, 110, '2000', 'pay_id_898', '391467', '200', 'bb', 2, '', '', 0, '', '', 0, 1, '2022-09-29 16:06:11', '2022-09-29 16:06:11'),
(112, 29, 1, 575, 111, '2000', 'pay_id_898', '863907', '', '', 0, '800', 'tvisha', 2, '', '', 0, 1, '2022-09-29 16:25:33', '2022-09-29 16:25:33'),
(113, 32, 41, 576, 117, '2000', 'pay_id_898', '863211', '200', 'dfgdfgfgfdgfd', 2, '', '', 0, '800', 'Rahuul', 2, 1, '2022-09-30 10:23:53', '2022-09-30 10:23:53'),
(114, 28, 35, 577, 104, '2000', 'pay_id_898', '521659', '', '', 0, '800', 'truy', 2, '', '', 0, 1, '2022-09-30 11:29:08', '2022-09-30 11:29:08'),
(115, 32, 41, 578, 117, '2000', 'pay_id_898', '376708', '200', 'b', 2, '', '', 0, '800', 'Test Commission', 2, 1, '2022-09-30 11:31:18', '2022-09-30 11:31:18'),
(116, 33, 1, 579, 125, '2000', 'pay_id_898', '849707', '200', 'hhhhhh', 2, '800', 'bfh', 2, '800', 'bharattesterrrrr', 2, 1, '2022-09-30 15:24:17', '2022-09-30 15:24:17'),
(117, 33, 1, 580, 125, '2000', 'pay_id_898', '671020', '200', 'b', 2, '800', 'fghb', 2, '800', 'bharat', 2, 1, '2022-09-30 15:29:45', '2022-09-30 15:29:45'),
(118, 31, 1, 581, 114, '2000', 'pay_id_898', '269161', '', '', 0, '', '', 0, '', '', 0, 1, '2022-09-30 17:01:04', '2022-09-30 17:01:04'),
(119, 32, 1, 582, 130, '2000', 'pay_id_898', '279240', '', '', 0, '', '', 0, '', '', 0, 1, '2022-09-30 17:07:29', '2022-09-30 17:07:29'),
(120, 32, 1, 582, 130, '2000', '730_payment', '594836', '', '', 0, '', '', 0, '', '', 0, 1, '2022-09-30 18:20:51', '2022-09-30 18:20:51'),
(121, 33, 1, 579, 125, '2000', '168_payment', '346644', '200', 'hhhhhh', 2, '', '', 0, '', '', 0, 1, '2022-09-30 18:38:45', '2022-09-30 18:38:45'),
(122, 28, 35, 577, 104, '2000', '383_payment', '738428', '', '', 0, '', '', 0, '', '', 0, 1, '2022-09-30 18:57:55', '2022-09-30 18:57:55'),
(123, 28, 35, 577, 104, '2000', '501_payment', '362407', '', '', 0, '', '', 0, '', '', 0, 1, '2022-09-30 18:58:13', '2022-09-30 18:58:13'),
(124, 28, 35, 577, 104, '2000', '225_payment', '776122', '', '', 0, '', '', 0, '', '', 0, 1, '2022-09-30 18:58:34', '2022-09-30 18:58:34'),
(125, 36, 49, 589, 140, '2000', 'pay_KV8yUW5vTgOjtq', '674034', '', '', 0, '800', '1234567890', 2, '', '', 0, 1, '2022-10-18 12:28:08', '2022-10-18 12:28:08'),
(126, 38, 52, 590, 142, '2000', 'pay_KVGcWHOZOasRSi', '734827', '200', 'varun', 2, '800', '6000', 2, '', '', 0, 1, '2022-10-18 19:56:54', '2022-10-18 19:56:54'),
(127, 39, 53, 591, 147, '2000', 'pay_KVVkWObJ5t6gMy', '130718', '', '', 0, '800', '67', 2, '', '', 0, 1, '2022-10-19 10:44:51', '2022-10-19 10:44:51'),
(128, 40, 54, 593, 149, '2000', 'pay_KVX7axL4s4s9Fb', '230059', '', '', 0, '', '', 0, '', '', 0, 1, '2022-10-19 12:05:25', '2022-10-19 12:05:25'),
(129, 40, 54, 594, 149, '2000', 'pay_KVXADWkE9OmIW4', '623534', '200', 'tttttt', 2, '', '', 0, '800', '1234567890', 2, 1, '2022-10-19 12:07:56', '2022-10-19 12:07:56'),
(130, 39, 53, 591, 147, '2000', '113_payment', '970572', '', '', 0, '', '', 0, '', '', 0, 1, '2022-10-19 12:51:25', '2022-10-19 12:51:25'),
(131, 40, 54, 595, 154, '2000', '#791', '268842', '', '', 0, '', '', 0, '800', 'retrey', 2, 1, '2022-10-19 18:30:46', '2022-10-19 18:30:46'),
(132, 35, 16, 612, 10, '2000', 'jojhuihk55856', '733365', '', '', 0, '', '', 0, '', '', 0, 1, '2022-10-20 12:37:20', '2022-10-20 12:37:20'),
(133, 35, 16, 612, 10, '2000', 'jojhuihk55856', '882427', '', '', 0, '', '', 0, '', '', 0, 1, '2022-10-20 12:39:58', '2022-10-20 12:39:58'),
(134, 35, 16, 612, 10, '2000', 'jojhuihk55856', '271665', '', '', 0, '', '', 0, '', '', 0, 1, '2022-10-20 12:41:00', '2022-10-20 12:41:00'),
(135, 35, 16, 612, 10, '2000', 'jojhuihk55856', '357228', '', '', 0, '', '', 0, '', '', 0, 1, '2022-10-20 12:42:28', '2022-10-20 12:42:28'),
(136, 35, 16, 612, 10, '2000', 'jojhuihk55856', '318277', '', '', 0, '', '', 0, '', '', 0, 1, '2022-10-20 12:44:27', '2022-10-20 12:44:27'),
(137, 35, 16, 612, 10, '2000', 'jojhuihk55856', '519023', '', '', 0, '', '', 0, '', '', 0, 1, '2022-10-20 12:45:06', '2022-10-20 12:45:06'),
(138, 35, 16, 612, 10, '2000', 'jojhuihk55856', '457276', '', '', 0, '', '', 0, '', '', 0, 1, '2022-10-20 12:46:23', '2022-10-20 12:46:23'),
(139, 35, 16, 612, 10, '2000', 'jojhuihk55856', '912289', '', '', 0, '', '', 0, '', '', 0, 1, '2022-10-20 12:47:36', '2022-10-20 12:47:36'),
(140, 35, 16, 612, 10, '2000', 'jojhuihk55856', '256854', '', '', 0, '', '', 0, '', '', 0, 1, '2022-10-20 12:48:18', '2022-10-20 12:48:18'),
(141, 35, 16, 612, 10, '2000', 'jojhuihk55856', '707899', '', '', 0, '', '', 0, '', '', 0, 1, '2022-10-20 12:49:05', '2022-10-20 12:49:05'),
(142, 35, 16, 612, 10, '2000', 'jojhuihk55856', '212852', '', '', 0, '', '', 0, '', '', 0, 1, '2022-10-21 10:35:06', '2022-10-21 10:35:06'),
(143, 49, 56, 0, 156, '2000', 'pay_KWMvxkuTQriHmF', '701204', '', '', 0, '', '', 0, '', '', 0, 1, '2022-10-21 14:46:27', '2022-10-21 14:46:27'),
(144, 49, 56, 619, 156, '2000', 'pay_KWN8vq2MsFbmL7', '783652', '', '', 0, '', '', 0, '', '', 0, 1, '2022-10-21 14:58:42', '2022-10-21 14:58:42'),
(145, 49, 56, 620, 156, '2000', 'pay_KWNNICIxRdG5mc', '763840', '', '', 0, '', '', 0, '', '', 0, 1, '2022-10-21 15:12:19', '2022-10-21 15:12:19'),
(146, 49, 56, 621, 156, '2000', 'pay_KWNk38dvKEDyPz', '128589', '', '', 0, '', '', 0, '', '', 0, 1, '2022-10-21 15:33:52', '2022-10-21 15:33:52'),
(147, 49, 56, 618, 156, '2000', 'pay_KWPhpANd6aOd6t', '952006', '', '', 0, '', '', 0, '', '', 0, 1, '2022-10-21 17:29:08', '2022-10-21 17:29:08'),
(148, 49, 56, 618, 156, '2000', 'pay_KWPiY0Itx5DdBs', '716618', '', '', 0, '', '', 0, '', '', 0, 1, '2022-10-21 17:29:49', '2022-10-21 17:29:49'),
(149, 49, 56, 618, 156, '2000', 'pay_KWPjj9okwS3xbR', '311035', '', '', 0, '', '', 0, '', '', 0, 1, '2022-10-21 17:30:57', '2022-10-21 17:30:57'),
(150, 49, 56, 621, 156, '2000', '379_payment', '881493', '', '', 0, '', '', 0, '', '', 0, 1, '2022-10-21 17:40:20', '2022-10-21 17:40:20'),
(151, 40, 54, 622, 154, '2000', 'pay_KWSYFf1ASgGC3R', '752915', '', '', 0, '', '', 0, '', '', 0, 1, '2022-10-21 14:46:21', '2022-10-21 14:46:21'),
(152, 49, 56, 623, 156, '2000', 'pay_KWSe0FMpCc0NEp', '157647', '', '', 0, '', '', 0, '', '', 0, 1, '2022-10-21 14:51:36', '2022-10-21 14:51:36'),
(153, 49, 56, 623, 156, '2000', 'pay_KWiBogs7JJ3RcA', '935715', '', '', 0, '', '', 0, '', '', 0, 1, '2022-10-22 06:04:02', '2022-10-22 06:04:02');

-- --------------------------------------------------------

--
-- Table structure for table `sessions`
--

CREATE TABLE `sessions` (
  `session_id` varchar(128) CHARACTER SET utf8mb4 COLLATE utf8mb4_bin NOT NULL,
  `expires` int UNSIGNED NOT NULL,
  `data` mediumtext CHARACTER SET utf8mb4 COLLATE utf8mb4_bin
) ENGINE=InnoDB DEFAULT CHARSET=latin1;

--
-- Dumping data for table `sessions`
--

INSERT INTO `sessions` (`session_id`, `expires`, `data`) VALUES
('82b9a83241006942368a4f8de06878c44c4def46a0b8b2239e250fc6728e62f6', 1666883067, '{\"cookie\":{\"originalMaxAge\":null,\"expires\":null,\"httpOnly\":true,\"path\":\"/\"}}'),
('98ee1c45f09d3f77618218afd9260e8f921ef2ee6b6c4ad5d912b2786b8ce1a9', 1666881612, '{\"cookie\":{\"originalMaxAge\":null,\"expires\":null,\"httpOnly\":true,\"path\":\"/\"}}'),
('9f991e65dd855ea0a1249f7d236e818a39a465b6ca0776a41434f797f8aad723', 1666881612, '{\"cookie\":{\"originalMaxAge\":null,\"expires\":null,\"httpOnly\":true,\"path\":\"/\"}}');

-- --------------------------------------------------------

--
-- Table structure for table `tranasctions`
--

CREATE TABLE `tranasctions` (
  `transaction_id` int NOT NULL,
  `user_id` int NOT NULL,
  `begin_date` datetime NOT NULL,
  `expired_date` datetime NOT NULL,
  `status` int NOT NULL,
  `created_at` datetime NOT NULL,
  `updated_at` datetime NOT NULL
) ENGINE=InnoDB DEFAULT CHARSET=latin1;

--
-- Dumping data for table `tranasctions`
--

INSERT INTO `tranasctions` (`transaction_id`, `user_id`, `begin_date`, `expired_date`, `status`, `created_at`, `updated_at`) VALUES
(1, 595, '2022-10-21 06:10:14', '2023-12-20 08:13:14', 1, '2022-07-26 00:00:00', '2022-08-03 00:00:00'),
(2, 612, '2022-10-20 12:22:50', '2023-10-20 12:22:50', 1, '2022-10-20 12:22:50', '2022-10-20 12:22:50'),
(3, 612, '0000-00-00 00:00:00', '0000-00-00 00:00:00', 1, '2022-10-20 12:47:36', '2022-10-20 12:47:36'),
(4, 612, '0000-00-00 00:00:00', '0000-00-00 00:00:00', 1, '2022-10-20 12:48:18', '2022-10-20 12:48:18'),
(5, 612, '2022-10-21 06:10:14', '2023-10-21 06:10:14', 1, '2022-10-20 12:49:05', '2022-10-20 12:49:05'),
(6, 612, '2022-10-20 12:51:57', '2023-10-20 12:51:57', 1, '2022-10-20 12:51:57', '2022-10-20 12:51:57'),
(7, 612, '2022-10-21 06:10:14', '2023-10-21 06:10:14', 1, '2022-10-21 10:35:06', '2022-10-21 10:35:06'),
(8, 477, '2022-10-21 12:03:18', '2023-10-21 12:03:18', 1, '2022-10-21 12:03:18', '2022-10-21 12:03:18'),
(9, 477, '2022-10-21 12:03:55', '2023-10-21 12:03:55', 1, '2022-10-21 12:03:55', '2022-10-21 12:03:55'),
(10, 619, '2022-10-21 15:08:57', '2023-10-21 15:08:57', 1, '2022-10-21 15:08:57', '2022-10-21 15:08:57'),
(11, 620, '2022-10-21 15:20:30', '2023-10-21 15:20:30', 1, '2022-10-21 15:20:30', '2022-10-21 15:20:30'),
(12, 621, '2022-10-21 15:33:52', '2023-10-21 15:33:52', 1, '2022-10-21 15:33:52', '2022-10-21 15:33:52'),
(13, 618, '2022-10-21 17:30:57', '2023-10-21 17:30:57', 1, '2022-10-21 17:30:57', '2022-10-21 17:30:57'),
(14, 621, '2022-10-21 17:40:06', '2023-10-21 17:40:06', 1, '2022-10-21 17:40:20', '2022-10-21 17:40:20'),
(15, 622, '2022-10-21 14:46:22', '2023-10-21 14:46:22', 1, '2022-10-21 14:46:22', '2022-10-21 14:46:22'),
(16, 623, '2022-10-21 14:51:37', '2023-10-21 14:51:37', 1, '2022-10-21 14:51:37', '2022-10-21 14:51:37'),
(17, 623, '2022-10-22 11:32:49', '2023-10-22 11:32:49', 1, '2022-10-22 06:04:02', '2022-10-22 06:04:02');

-- --------------------------------------------------------

--
-- Table structure for table `users`
--

CREATE TABLE `users` (
  `user_id` int NOT NULL,
  `name` text NOT NULL,
  `email` varchar(50) NOT NULL,
  `mobile` varchar(50) NOT NULL,
  `role` int NOT NULL,
  `image_path` varchar(255) NOT NULL,
  `account_id` int NOT NULL,
  `jid` text NOT NULL,
  `password` text NOT NULL,
  `hash` text NOT NULL,
  `site_id` int NOT NULL,
  `otp` varchar(20) NOT NULL DEFAULT '',
  `district_id` int NOT NULL,
  `agent_id` int NOT NULL,
  `distributor_id` int NOT NULL,
  `first_name` varchar(300) NOT NULL,
  `last_name` varchar(100) NOT NULL,
  `date_of_birth` varchar(200) NOT NULL,
  `mobile_no` varchar(100) NOT NULL,
  `user_email_id` varchar(200) NOT NULL,
  `user_image` varchar(200) NOT NULL,
  `aadhar_no` varchar(20) NOT NULL,
  `aadhar_image` varchar(200) NOT NULL,
  `status` int NOT NULL,
  `created_at` datetime NOT NULL,
  `updated_at` datetime NOT NULL
) ENGINE=MyISAM DEFAULT CHARSET=latin1;

--
-- Dumping data for table `users`
--

INSERT INTO `users` (`user_id`, `name`, `email`, `mobile`, `role`, `image_path`, `account_id`, `jid`, `password`, `hash`, `site_id`, `otp`, `district_id`, `agent_id`, `distributor_id`, `first_name`, `last_name`, `date_of_birth`, `mobile_no`, `user_email_id`, `user_image`, `aadhar_no`, `aadhar_image`, `status`, `created_at`, `updated_at`) VALUES
(1, 'Ramesh', 'admin@ap.com', '9948818217', 1, 'images/20221019T051750681Z537413/5dd556ebfd9db27da00d6674.jpeg', 0, '', 'e0c329cda4c470e8c022e50db37a44c4', '2251580426044860', 0, '1234', 1, 1, 0, 'varun', 'aduri', '14/05/2020', '958647123', 'adurii@gmail.com', '', '789564231258', 'images/20220830T121320035Z113205/download.jpeg', 1, '2022-09-03 12:22:32', '2022-08-03 04:09:08'),
(482, '', '', '', 2, '', 0, '', 'b0b483e00a2a3c7b2a19adfffc89e41f', '3040201131621243', 0, '', 5, 10, 0, 'raghu', 'kumar', '01/02/2013', '9874563210', 'someone@gmail.com', 'images/20220910T080501315Z521991/download (1).jpeg', '985632014786', 'images/20220910T080501315Z606081/download (1).jpeg', 1, '2022-09-03 12:22:32', '2022-09-10 13:35:01'),
(481, '', '', '', 2, '', 0, '', 'b0b483e00a2a3c7b2a19adfffc89e41f', '3040201131621243', 0, '', 0, 10, 0, 'miste', 'zsdwd', '10/10/2000', '9789457254', 'mister@gmail.com', 'images/20220912T065504636Z028521/calendar.png', '812345678912', 'images/20220912T065504635Z029902/calicon.svg', 1, '2022-09-03 12:22:32', '2022-09-10 12:37:20'),
(480, '', '', '', 2, '', 0, '', '', '', 0, '', 0, 10, 0, 'miste', 'zsdwd', '10/10/2000', '9789457254', 'mister@gmail.com', 'images/20220912T065526036Z981312/calendar.png', '812345678912', 'images/20220912T065526036Z098703/calicon.svg', 1, '2022-09-03 12:22:32', '2022-09-10 12:35:05'),
(479, '', '', '', 2, '', 0, '', '', '', 0, '', 5, 10, 0, 'hjsjs', 'hoshi', '4/9/2022', '6655566611', 'hoshi@gmail.com', 'images/20220910T064449949Z017410/IMG-20220909-WA0008.jpg', '898988989898', 'images/20220910T064449949Z262666/IMG-20220910-WA0002.jpg', 1, '2022-09-03 12:22:32', '2022-09-10 12:14:50'),
(478, '', '', '', 2, '', 0, '', '', '', 0, '', 5, 10, 0, 'hi', 'bye', '7/2/2022', '7777111111', 'hibye@gmail.com', 'images/20220910T064019511Z180976/IMG-20220910-WA0000.jpg', '777777711111', 'images/20220910T064019510Z961979/1662196434935.jpg', 1, '2022-09-03 12:22:32', '2022-09-10 12:10:20'),
(477, '', '', '', 2, '', 0, '', '', '', 0, '', 5, 10, 0, 'ffffhs', 'dddkd', '11/9/2022', '6876468986', 'djdjddj@gmail.com', 'images/20220910T062228054Z609932/1662196434935.jpg', '767767667677', 'images/20220910T062228054Z985436/1662196434935.jpg', 1, '2022-09-03 12:22:32', '2022-09-10 11:52:28'),
(476, '', '', '', 2, '', 0, '', '', '', 0, '', 5, 10, 0, 'dkas', 'dkas', '4/9/2022', '8885555511', 'dkas@gmail.com', 'images/20220910T061313451Z167527/IMG-20220910-WA0003.jpg', '888555555551', 'images/20220910T061313451Z520784/1662181969485.jpg', 1, '2022-09-03 12:22:32', '2022-09-10 11:43:13'),
(475, '', '', '', 2, '', 0, '', '', '', 0, '', 10, 10, 0, 'dfasdfddd', 'mam', '01/02/2010', '9000000001', 'dlfjs@gmail.com', 'images/20220913T100330823Z638379/bird1.jpg', '985632014786', 'images/20220913T100330823Z620466/download.jpeg', 1, '2022-09-03 12:22:32', '2022-09-10 11:20:50'),
(474, '', '', '', 2, '', 0, '', '', '', 0, '', 5, 10, 0, 'mix', 'lang', '30/9/2022', '8898989889', 'mix@gmail.com', 'images/20220909T141002488Z961622/1662196434935.jpg', '888555552222', 'images/20220909T141002488Z782338/1662128979420.jpg', 1, '2022-09-03 12:22:32', '2022-09-09 19:40:02'),
(472, '', '', '', 2, '', 0, '', '', '', 0, '', 5, 10, 0, 'mr', 'Pokemon ', '16/5/2022', '7878787444', 'piku@gmail.com', 'images/20220909T135800547Z946460/1662196434935.jpg', '888888822222', 'images/20220909T135800547Z799615/1662196434935.jpg', 1, '2022-09-03 12:22:32', '2022-09-09 19:28:01'),
(473, '', '', '', 2, '', 0, '', '', '', 0, '', 5, 10, 0, 'riya', 'all', '12/9/2022', '6777788888', 'riya@gmail.com', 'images/20220909T140524241Z614010/1662128036374.jpg', '777766555555', 'images/20220909T140524241Z573026/1662467356396.jpg', 1, '2022-09-03 12:22:32', '2022-09-09 19:35:24'),
(471, '', '', '', 2, '', 0, '', '', '', 0, '', 2, 10, 0, 'kiran', 'kumar', '01/02/2013', '9631236985', 'test@gmail.com', 'images/20220909T132524915Z296359/download (1).jpeg', '985632014786', 'images/20220909T132524915Z136607/download (1).jpeg', 1, '2022-09-03 12:22:32', '2022-09-09 18:55:25'),
(470, '', '', '', 2, '', 0, '', '', '', 0, '', 5, 10, 0, 'mr', 'rdx', '4/9/2022', '8989777777', 'rdx@gmail.com', 'images/20220909T132500949Z384676/1662467356396.jpg', '888881111222', 'images/20220909T132500949Z816695/1662105572638.jpg', 1, '2022-09-03 12:22:32', '2022-09-09 18:55:01'),
(469, '', '', '', 2, '', 0, '', '', '', 0, '', 2, 10, 0, 'kiran', 'kumar', '01/02/2013', '9632587410', 'kumar@gmail.com', 'images/20220909T132454338Z675221/download (1).jpeg', '985632014786', 'images/20220909T132454335Z633032/download (1).jpeg', 1, '2022-09-03 12:22:32', '2022-09-09 18:54:54'),
(483, '', '', '', 2, '', 0, '', 'U3ZzQDg2ODY=', '7613345237614626', 0, '1234', 12, 47, 0, 'Sufiyan', 'Sufi', '10/9/2022', '8794649797', 'sufiyan@gmail.com', 'images/20220910T112813782Z789432/1662809141590.jpg', '646494949494', 'images/20220910T112813782Z274427/Screenshot_20220907-163151_DistributorApplication.jpg', 1, '2022-09-03 12:22:32', '2022-09-10 16:58:14'),
(382, '', '', '', 2, '', 0, '', '618d6709a41a540545608d427cd50407', '2139476791632121', 0, '', 12, 47, 0, 'Jagdish', 'Kumar', '14/9/2022', '8646464646', 'jagdish@gmail.com', 'images/20220910T115850182Z244593/1662810625974.jpg', '667646646464', 'images/20220910T115850182Z029971/Screenshot_20220907-163151_DistributorApplication.jpg', 1, '2022-09-03 12:22:32', '2022-09-10 17:28:50'),
(485, '', '', '', 2, '', 0, '', '56a47bd807e273ddea0e8bce53f89c38', '2411431455606722', 0, '1234', 17, 47, 0, 'Varun', 'aduri', '20/9/1998', '6464949797', 'varun@gmail.com', 'images/20220910T124728024Z993221/1662813977325.jpg', '469494949494', 'images/20220910T124728024Z745261/Screenshot_20220907-163151_DistributorApplication.jpg', 1, '2022-09-03 12:22:32', '2022-09-10 18:17:28'),
(486, '', '', '', 2, '', 0, '', 'f85b011d70a66e4a71278dfd8866b7bf', '2131681222707545', 0, '', 10, 77, 0, 'kkkkk', 'mmm', '01/02/2010', '9631231123', 'good@gmail.com', 'images/20220913T140537416Z933236/bird1.jpg', '985632014786', 'images/20220913T140537416Z030817/bird1.jpg', 1, '2022-09-03 12:22:32', '2022-09-12 11:53:52'),
(487, '', '', '', 2, '', 0, '', '6dc693fc0c64ad9821c32c919e44fa1c', '1435411017531887', 0, '', 7, 10, 0, 'name', 'fine', '10/10/2012', '9941545640', 'nurav@gmail.com', 'images/20220912T094936890Z550224/bird1.jpg', '985632014786', 'images/20220912T094936890Z128913/bird1.jpg', 1, '2022-09-03 12:22:32', '2022-09-12 15:19:37'),
(488, '', '', '', 2, '', 0, '', '4353adede9dac8ce67a0d23c285483c1', '4154673555969454', 0, '', 7, 49, 0, 'test user', 'user', '24/9/2022', '9494649494', 'usertest@gmail.com', 'images/20220912T094949113Z684612/1662976146931.jpg', '646494946494', 'images/20220912T094949113Z522055/IMG-20220911-WA0002.jpg', 1, '2022-09-03 12:22:32', '2022-09-12 15:19:49'),
(489, '', '', '', 2, '', 0, '', '7a290083d5e790c1f80729cd8b8dbe0d', '5252944266148384', 0, '', 5, 77, 0, 'bhhh45666', 'fghfbhj', '13/9/2022', '6588693686', 'bharat@gmail.com', 'images/20220912T113718610Z602397/IMG_20220911_002032.jpg', '893558368668', 'images/20220912T113718609Z484486/IMG_20220911_002032.jpg', 1, '2022-09-03 12:22:32', '2022-09-12 17:07:19'),
(490, '', '', '', 2, '', 0, '', '222c8b6de9f58ee30ec3f765175685d2', '5052812516460070', 0, '', 10, 10, 0, 'klmmmm', 'kumar', '01/02/2010', '9631230112', 'correct@gmail.com', 'images/20220913T115715541Z745470/download (1).jpeg', '985632014786', 'images/20220913T115715541Z740600/download.jpeg', 1, '2022-09-03 12:22:32', '2022-09-13 17:27:16'),
(491, '', '', '', 2, '', 0, '', '76dd97b3da616e0886eb551b6b878748', '2641934232151682', 0, '', 10, 10, 0, 'klmmmm', 'kumar', '01/02/2010', '9631258960', 'check@gmail.com', 'images/20220913T121513412Z988490/download (1).jpeg', '985632014786', 'images/20220913T121513412Z822212/bird1.jpg', 1, '2022-09-03 12:22:32', '2022-09-13 17:45:13'),
(492, '', '', '', 2, '', 0, '', 'ee9aa1ff6828c31dbf2c597929701465', '9650788433711838', 0, '', 10, 10, 0, 'klmmmm', 'kumar', '01/02/2010', '96312589021', 'check123@gmail.com', 'images/20220913T121849731Z941318/download (1).jpeg', '985632014786', 'images/20220913T121849731Z063394/bird1.jpg', 1, '2022-09-03 12:22:32', '2022-09-13 17:48:50'),
(493, '', '', '', 2, '', 0, '', '3eea10184a50f015da5bae051f0a94e3', '3656104425961619', 0, '', 0, 77, 0, 'ddjdjdjd', 'ndfjjdjdj', '11/9/2022', '9559956586', 'djjdkskskaakka@gmail.com', 'images/20220914T105001531Z565733/IMG-20220914-WA0000.jpg', '686868686868', 'images/20220914T105001530Z168209/IMG-20220914-WA0000.jpg', 1, '2022-09-03 12:22:32', '2022-09-14 16:20:02'),
(494, '', '', '', 2, '', 0, '', '9488387d19e85aeeb73eb0283639be31', '8056295444593958', 0, '', 8, 55, 0, 'djsks', 'kskska', '12/9/2022', '7000010000', 'lll@gmail.com', 'images/20220914T105200609Z152446/1662196434935.jpg', '868668689898', 'images/20220914T105200609Z830604/1662196434935.jpg', 1, '2022-09-03 12:22:32', '2022-09-14 16:22:01'),
(495, '', '', '', 2, '', 0, '', '2710b2bd2655451454ab103fcb373922', '6215326265558622', 0, '', 16, 55, 0, 'dhdhdhdh', 'hfjddjdj', '18/9/2022', '8686000000', 'djjdkd1282@gmail.com', 'images/20220914T110224245Z372016/IMG-20220912-WA0002.jpg', '811111334444', 'images/20220914T110224242Z933435/IMG-20220914-WA0012.jpg', 1, '2022-09-03 12:22:32', '2022-09-14 16:32:24'),
(496, '', '', '', 2, '', 0, '', '0f1e433041f04372e929819b4764acfd', '1606760519146462', 0, '', 16, 55, 16, 'nsjssk', 'namakaak', '18/9/2022', '7679797911', 'jzsjkszkj@gmail.com', 'images/20220914T110658103Z249861/1662196434935.jpg', '777711100000', 'images/20220914T110658102Z938760/IMG-20220914-WA0001.jpg', 1, '2022-09-03 12:22:32', '2022-09-14 16:36:58'),
(497, '', '', '', 2, '', 0, '', '89fac58efbc208596c87d3e844df5b5f', '5542645916411929', 0, '', 16, 63, 16, 'sc ddvrc', 'dvfbbb', '4/9/2022', '9521111141', 'vffvvvrrfeff@gmail.com', 'images/20220914T115313815Z639443/297182678_351019013905059_6934491818842579057_n.webp', '898989898500', 'images/20220914T115313814Z904272/1662196434935.jpg', 1, '2022-09-03 12:22:32', '2022-09-14 17:23:14'),
(498, '', '', '', 2, '', 0, '', 'e1082625247dd1a482d401abbae7911e', '3361314245449621', 0, '', 0, 73, 0, 'vilan', 'ddhdhd', '19/9/2022', '9898688686', 'vilan@gmail.com', 'images/20220915T061429853Z138584/Screenshot_20220409-114454.png', '898668868998', 'images/20220915T061429851Z099245/1649505607_dbf677ef710531320895.jpg', 1, '2022-09-03 12:22:32', '2022-09-15 11:44:30'),
(499, '', '', '', 2, '', 0, '', '8c1aa384e034547de019d798e0e3b024', '8055529448426806', 0, '', 0, 73, 0, 'hi', 'bue', '11/9/2022', '8051204510', 'bbbbbbbh@gmail.com', 'images/20220915T065009764Z754135/1648129599_9e801bc17220857fde36.jpg', '861000000888', 'images/20220915T065009764Z623719/lsx8luJML2_1652192847_1652192847.jpg', 1, '2022-09-03 12:22:32', '2022-09-15 12:20:10'),
(500, '', '', '', 2, '', 0, '', '54f435b8054da8c985fd29f796d58711', '9116491120383853', 0, '', 0, 73, 0, 'cnxjdjj', 'dnjdjdjd', '12/9/2022', '8981111000', 'xxdjjsjs@gmail.com', 'images/20220915T072323226Z712534/1648130783_48fa369d66262383f120.jpg', '888000001111', 'images/20220915T072323226Z460443/7CxNoG2leO_1652444019_1652444019.jpg', 1, '2022-09-03 12:22:32', '2022-09-15 12:53:23'),
(501, '', '', '', 2, '', 0, '', '97a4aa5d2f87da62380f18049d66fd6b', '5368422878835493', 0, '', 0, 73, 0, 'xjdjsjskaka', 'shjsjsjsis', '18/9/2022', '9494644111', 'djisskjskak@gmail.com', 'images/20220915T073315698Z267660/N0741NwJTp_1653396562_1653396562.jpg', '899868686865', 'images/20220915T073315698Z326696/1648130783_fd7c65dfc07b11dcc6d1.jpg', 1, '2022-09-03 12:22:32', '2022-09-15 13:03:16'),
(502, '', '', '', 2, '', 0, '', 'e753ca0c7099ee41c21acffb11fc97e2', '5562659232202656', 0, '', 0, 73, 0, 'hiwlq', 'hiwai', '11/9/2022', '6945123000', 'bznssaakka@gmail.com', 'images/20220915T074145014Z974203/Screenshot_20220614-124449.png', '811111111117', 'images/20220915T074145014Z497012/1649505607_dbf677ef710531320895.jpg', 1, '2022-09-03 12:22:32', '2022-09-15 13:11:45'),
(503, '', '', '', 2, '', 0, '', 'e5eb435d62831d6a2bf00aea2f694241', '6606848226386345', 0, '', 16, 10, 0, 'kkill25', 'seejdf25', '01/02/2010', '9631230014', 'see@gmail.com', 'images/20220915T080907676Z267221/download (1).jpeg', '985632014786', 'images/20220915T080907676Z856390/bird2.jpg', 1, '2022-09-03 12:22:32', '2022-09-15 13:39:08'),
(504, '', '', '', 2, '', 0, '', 'cc425906a344073eff0c2cb37eccfabb', '3541206326662437', 0, '', 16, 10, 0, 'kkill25', 'seejdf25', '01/02/2010', '9631230010', 'see00@gmail.com', 'images/20220915T081731191Z749808/download (1).jpeg', '985632014786', 'images/20220915T081731190Z765767/bird2.jpg', 1, '2022-09-03 12:22:32', '2022-09-15 13:47:31'),
(505, '', '', '', 2, '', 0, '', '2239da213c095dad61c08e2a90004a03', '0556833412307824', 0, '', 16, 10, 0, 'kkill25', 'seejdf25', '01/02/2010', '9631230019', 'see010@gmail.com', 'images/20220915T081903494Z991569/download (1).jpeg', '985632014786', 'images/20220915T081903494Z440664/bird2.jpg', 1, '2022-09-03 12:22:32', '2022-09-15 13:49:04'),
(506, '', '', '', 2, '', 0, '', '852e870e3d60369c8ee37c74e4d18b76', '5129057335273426', 0, '', 16, 10, 0, 'kkill25', 'seejdf25', '01/02/2010', '9631230002', 'see0104@gmail.com', 'images/20220915T082310372Z938075/download (1).jpeg', '985632014786', 'images/20220915T082310372Z990328/bird2.jpg', 1, '2022-09-03 12:22:32', '2022-09-15 13:53:10'),
(507, '', '', '', 2, '', 0, '', '116db5323b5ea418a1d6222edd4912f7', '2124645017231443', 0, '', 16, 10, 0, 'kkill25', 'seejdf25', '01/02/2010', '9671230002', 'seeuyuyu0104@gmail.com', 'images/20220915T082415582Z240428/download (1).jpeg', '985632014786', 'images/20220915T082415581Z693170/bird2.jpg', 1, '2022-09-03 12:22:32', '2022-09-15 13:54:16'),
(508, '', '', '', 2, '', 0, '', '2351533f8dea5b4dc27d20fc226e20e0', '4648240553452415', 0, '', 0, 10, 0, 'hiowwow', 'jdjsisww', '4/9/2022', '8124560000', 'pppppp@gmail.com', 'images/20220915T084323058Z549114/7CxNoG2leO_1652444019_1652444019.jpg', '899111222333', 'images/20220915T084323058Z424059/7CxNoG2leO_1652444019_1652444019.jpg', 1, '2022-09-03 12:22:32', '2022-09-15 14:13:23'),
(509, '', '', '', 2, '', 0, '', 'bbb5dc6df2ffb0c262a59743f8a9c7f6', '1365492371432218', 0, '', 0, 10, 16, 'dhjssj', 'gdhdhdd', '3/9/2022', '6113436868', 'jxjdjdjd@gmail.com', 'images/20220915T100807646Z638830/7CxNoG2leO_1652444019_1652444019.jpg', '796111116113', 'images/20220915T100807646Z245057/lsx8luJML2_1652192847_1652192847.jpg', 1, '2022-09-03 12:22:32', '2022-09-15 15:38:08'),
(510, '', '', '', 2, '', 0, '', '8f7aa5f21b962ec4b7d4f4def29ff7cd', '7240269624399548', 0, '', 0, 10, 0, 'xhdd', 'ycufufuf', '10/9/2022', '9911133153', 'jcjdkdjdweee@gmail.com', 'images/20220915T111244318Z276245/Screenshot_20220614-125648.png', '866868855111', 'images/20220915T111244317Z983068/Screenshot_20220614-124449.png', 1, '2022-09-03 12:22:32', '2022-09-15 16:42:44'),
(511, '', '', '', 2, '', 0, '', 'abe10eafafc700cbd87a1c006606e29e', '7543104234483563', 0, '', 0, 10, 0, 'dhdjdj', 'xhdhdh', '12/9/2022', '8681110000', 'dapppp@gmail.com', 'images/20220915T111835638Z213199/Screenshot_20220614-122324.png', '811118800888', 'images/20220915T111835638Z187243/Screenshot_20220409-114454.png', 1, '2022-09-03 12:22:32', '2022-09-15 16:48:36'),
(512, '', '', '', 2, '', 0, '', '5b579cd0e37177cc3621f287109c1833', '1521266659915363', 0, '', 0, 10, 0, 'dhdjdj', 'dhjdd', '4/9/2022', '9741111115', 'djd@gmail.com', 'images/20220915T112005077Z652503/N0741NwJTp_1653396562_1653396562.jpg', '898986565550', 'images/20220915T112005077Z149487/lsx8luJML2_1652192847_1652192847.jpg', 1, '2022-09-03 12:22:32', '2022-09-15 16:50:05'),
(513, '', '', '', 2, '', 0, '', 'fe08fa7166002edce85e6e0db38dfb84', '3483451447831135', 0, '', 0, 73, 16, 'xjjsks', 'me', '4/9/2022', '9898454540', 'lllllllll@gmail.com', 'images/20220915T120932728Z738220/IMG-20220914-WA0017.jpg', '889999116133', 'images/20220915T120932728Z638095/Screenshot_2021-11-22-08-10-33-670_com.android.chrome.jpg', 1, '2022-09-03 12:22:32', '2022-09-15 17:39:33'),
(514, '', '', '', 2, '', 0, '', '57ae84965d1d0115b912d785a867bb35', '1374433421088594', 0, '', 0, 70, 0, 'rhjfjtj', 'rhrhggjjg', '5/9/2022', '9565111111', 'fjfhhdh', 'images/20220915T121541826Z182156/1649505607_dbf677ef710531320895.jpg', '898688655656', 'images/20220915T121541825Z884812/lsx8luJML2_1652192847_1652192847.jpg', 1, '2022-09-03 12:22:32', '2022-09-15 17:45:42'),
(515, '', '', '', 2, '', 0, '', '629e1a713f59e2ffdac9685ae8cc6e37', '6345624133580340', 0, '', 0, 73, 16, 'urrurur', 'yeyfhd', '21/9/2022', '8664111111', 'gdhdhh@gmail.com', 'images/20220915T121550234Z329723/IMG_20220910_221608.jpg', '869868858575', 'images/20220915T121550233Z465933/IMG-20220914-WA0017.jpg', 1, '2022-09-03 12:22:32', '2022-09-15 17:45:50'),
(567, '', '', '', 2, '', 0, '', 'MTIzNDU2', '', 0, '', 10, 73, 16, 'spy', 'pica', '11/9/2022', '9484454661', 'spika@gmqil.com', 'images/20220928T092559971Z051065/deadpool-ryan-reynolds-deadpool-2-wallpaper-preview.jpg', '898959595646', 'images/20220928T092559966Z094169/img-2.jpg', 1, '2022-09-28 14:56:00', '2022-09-28 14:56:00'),
(568, '', '', '', 2, '', 0, '', 'MTIzNDU2', '', 0, '', 27, 96, 0, 'dhrrrgrh', 'ffbrhrddbdvtvtv', '4/9/2022', '8988965551', 'vedv@gmail.com', 'images/20220929T044820908Z311241/IMG_20220922_223734.jpg', '569986655882', 'images/20220929T044820908Z721799/IMG-20220927-WA0004.jpg', 1, '2022-09-29 10:18:21', '2022-09-29 10:18:21'),
(518, '', '', '', 2, '', 0, '', '5c04e594d093618647cce07ca2fe83fa', '3426950782277873', 0, '', 0, 73, 16, 'hi', 'lost ', '19/9/2022', '8913122323', 'lost@gmail.com', 'images/20220916T061053466Z608143/1662467356396.jpg', '981100000044', 'images/20220916T061053465Z497093/1662181969485.jpg', 1, '2022-09-03 12:22:32', '2022-09-16 11:40:53'),
(519, '', '', '', 2, '', 0, '', '084806d4276c15c884129de11f2e8696', '6477369143864465', 0, '', 0, 73, 16, 'hi', 'hialla', '11/9/2022', '8989448181', 'jdlsalla@gmail.com', 'images/20220916T061901213Z324549/IMG_20220911_002032.jpg', '899898949494', 'images/20220916T061901213Z485344/1662181969485.jpg', 1, '2022-09-03 12:22:32', '2022-09-16 11:49:01'),
(520, '', '', '', 2, '', 0, '', '4888a44217d1374bd98cd206679a889e', '8836932242963381', 0, '', 0, 73, 16, 'rggrrcef', 'd dcdcec', '4/9/2022', '9977941111', 'xbxjdjsjs@gmail.com', 'images/20220916T062103679Z562637/IMG_20220911_002032.jpg', '797894898888', 'images/20220916T062103679Z679392/1662467356396.jpg', 1, '2022-09-03 12:22:32', '2022-09-16 11:51:04'),
(521, '', '', '', 2, '', 0, '', '7fabb23a47868fb28547dfc4232fd5a6', '4698236291661514', 0, '', 12, 73, 73, 'gfidghg', 'mahierg', '10/10/2009', '9123456784', 'varunmahi@gmail.com', 'images/20220916T065233129Z171337/INSTAGRAM.png', '600000000412', 'images/20220916T065233129Z265047/contact.png', 1, '2022-09-03 12:22:32', '2022-09-16 12:22:33'),
(522, '', '', '', 2, '', 0, '', '71155728529f274c75b7332a8ed2679c', '4597676633358655', 0, '', 0, 73, 16, 'rvvrccf', 'fvfffff', '13/9/2022', '8555585552', 'dfffvrgegc@gmail.com', 'images/20220916T065856896Z095930/IMG_20220911_002032.jpg', '585811111111', 'images/20220916T065856895Z623714/IMG_20220909_215736.jpg', 1, '2022-09-03 12:22:32', '2022-09-16 12:28:57'),
(553, '', '', '', 2, '', 0, '', 'f2b951b87fdd1c7d9173f20bf13729c0', '9841575454036344', 0, '', 25, 87, 0, 'Rakesh', 'kumar', '18/9/2022', '9464349494', 'rakesh@gmail.com', 'images/20220919T054448147Z394141/1663566248470.jpg', '943194043494', 'images/20220919T054448146Z461617/Screenshot_20240917-132442_Arogya Pradhan.jpg', 1, '2022-09-19 11:14:48', '2022-09-19 11:14:48'),
(554, '', '', '', 2, '', 0, '', 'U3ZzQDg2ODY=', '6536242121352126', 0, '1234', 25, 92, 31, 'srujan', 'kumar', '17/9/2022', '9494646466', 'srujan@gmail.com', 'images/20220919T091959537Z250104/1663579167472.jpg', '643494979797', 'images/20220919T091959537Z485889/Screenshot_20240917-132442_Arogya Pradhan.jpg', 1, '2022-09-19 14:50:00', '2022-09-19 14:50:00'),
(556, '', '', '', 2, '', 0, '', 'd76d8a3c50dccc614bcd9934c5f2d918', '0140443417592242', 0, '', 26, 94, 0, 'rahim', 'abdul ', '15/9/2022', '7536298410', 'abidsU@gmail.com', 'images/20220920T095713047Z042811/Screenshot_2022-09-19-21-40-51-35_3d9111e2d3171bf4882369f490c087b4.jpg', '652398741096', 'images/20220920T095713046Z171962/Screenshot_2022-09-19-21-40-51-35_3d9111e2d3171bf4882369f490c087b4.jpg', 1, '2022-09-20 15:27:13', '2022-09-20 15:27:13'),
(557, '', '', '', 2, '', 0, '', 'MTIzNDU2Nzg=', '4674352614849814', 0, '1234', 26, 94, 0, 'kareem', 'safi', '15/9/2022', '7896542317', 'kareem@gmail.com', 'images/20220920T100708254Z745535/1663668342685.jpg', '963258074198', 'images/20220920T100708253Z185818/Title.jpg', 1, '2022-09-20 15:37:08', '2022-09-20 15:37:08'),
(572, '', '', '', 2, '', 0, '', 'MTIzNDU2', '', 0, '', 8, 106, 16, 'bharat', 'kumar', '30/9/2022', '8963255555', 'bhhh@gmail.com', 'images/20220929T094713532Z360088/Screenshot_2022-09-28-16-45-05-596_com.android.chrome.jpg', '965523333355', 'images/20220929T094713523Z697748/Screenshot_2022-09-28-16-45-05-596_com.android.chrome.jpg', 1, '2022-09-29 15:17:14', '2022-09-29 15:17:14'),
(558, '', '', '', 2, '', 0, '', 'ade44aa8b0a0b7e4ee271dd5fc39f86a', '9340137576376266', 0, '', 10, 10, 16, 'akash', 'kumar', '01/02/2013', '9856320100', 'akaash33psss@gmail.com', 'images/20220921T104419328Z594501/download (1).jpeg', '98563201474', 'images/20220921T104419324Z767422/download (1).jpeg', 1, '2022-09-21 16:14:19', '2022-09-21 16:14:19'),
(559, '', '', '', 2, '', 0, '', 'MTIzNDU2', '', 0, '', 10, 10, 16, 'Ivar', 'kumar', '01/02/2013', '9875564821', 'Ivar@gmail.com', 'images/20220921T134518221Z951067/bird1.jpg', '98563201474', 'images/20220921T134518219Z720429/download (1).jpeg', 1, '2022-09-21 19:15:18', '2022-09-21 19:15:18'),
(560, '', '', '', 2, '', 0, '', 'MTIzNDU2', '', 0, '', 26, 10, 16, 'bjorn', 'kumar', '01/02/2013', '9875564001', 'bjorn@gmail.com', 'images/20220921T135545344Z034936/download.jpeg', '98565201474', 'images/20220921T135545343Z511613/bird1.jpg', 1, '2022-09-21 19:25:45', '2022-09-21 19:25:45'),
(561, '', '', '', 2, '', 0, '', 'MTIzNDU2', '', 0, '', 26, 10, 16, 'kohil', 'crickter', '01/02/2013', '9875560001', 'kohil@gmail.com', 'images/20220921T141755907Z816961/download.jpeg', '98565201474', 'images/20220921T141755907Z579850/bird1.jpg', 1, '2022-09-21 19:47:56', '2022-09-21 19:47:56'),
(562, '', '', '', 2, '', 0, '', 'MTIzNDU2', '', 0, '', 10, 73, 16, 'visaihi', 'frg', '10/12/2000', '9456789122', 'dfsa@hmail.com', 'images/20220927T124047730Z523022/p3.png', '78654646466488', 'images/20220927T124047729Z905610/music.png', 1, '2022-09-27 11:58:23', '2022-09-27 11:58:23'),
(563, '', '', '', 2, '', 0, '', 'MTIzNDU2', '', 0, '', 27, 96, 0, 'bhhhh', 'kkkkk', '28/9/2022', '8525525256', 'tvisha@gmail.com', 'images/20220927T122424988Z587144/1664281404369.jpg', '823523553322', 'images/20220927T122424987Z003292/IMG_20220922_121856.jpg', 1, '2022-09-27 17:54:25', '2022-09-27 17:54:25'),
(564, '', '', '', 2, '', 0, '', 'MTIzNDU2', '', 0, '', 10, 73, 16, 'Sruuu', 'Kumarr', '11/7/2022', '9764649494', 'sru@gmail.com', 'images/20220927T142544555Z137093/1664288686251.jpg', '946494979797', 'images/20220927T142544554Z857702/IMG_20220925_174351.jpg', 1, '2022-09-27 19:55:45', '2022-09-27 19:55:45'),
(565, '', '', '', 2, '', 0, '', 'MTIzNDU2', '', 0, '', 25, 92, 31, 'cbxjjsjsjs', 'jcjxjs', '18/9/2022', '8668689595', 'xjskksks@gmail.com', 'images/20220928T050853553Z583317/IMG_20220911_002032.jpg', '898686984994', 'images/20220928T050853548Z376075/IMG_20220911_002032.jpg', 1, '2022-09-28 10:38:54', '2022-09-28 10:38:54'),
(566, '', '', '', 2, '', 0, '', 'MTIzNDU2', '', 0, '', 25, 92, 31, 'f dvv', 'bssnsj', '26/9/2022', '9897949449', 'sjjsjs@gmail.com', 'images/20220928T051008391Z349673/IMG_20220911_002032.jpg', '986894949494', 'images/20220928T051008390Z015168/IMG_20220911_002032.jpg', 1, '2022-09-28 10:40:08', '2022-09-28 10:40:08'),
(569, '', '', '', 2, '', 0, '', 'MTIzNDU2', '', 0, '', 28, 103, 1, 'Sukumar', 'kumar', '5/9/2022', '6794649494', 'sukumar@gmail.com', 'images/20220929T051505175Z040682/1664428464943.jpg', '646494679797', 'images/20220929T051505175Z400294/Screenshot_20240917-132442_Arogya Pradhan.jpg', 1, '2022-09-29 10:45:05', '2022-09-29 10:45:05'),
(570, '', '', '', 2, '', 0, '', 'MTIzNDU2', '', 0, '', 10, 73, 16, 'vishnupri', 'bdnsjss', '25/9/2022', '8656494949', 'xjjs@gmail.com', 'images/20220929T054308417Z603684/IMG-20220927-WA0004.jpg', '894949644661', 'images/20220929T054308411Z236690/IMG-20220927-WA0004.jpg', 1, '2022-09-29 11:13:08', '2022-09-29 11:13:08'),
(537, '', '', '', 2, '', 0, '', 'e737c254ef3c83d58153115b8821cdb1', '3930415257409803', 0, '', 12, 10, 16, 'jhgf', 'dhushanu', '01/02/2013', '7896543021', 'sunil3j54@gmail.com', 'images/20220916T151222415Z208552/download (1).jpeg', '9856320664786', 'images/20220916T151222415Z746718/download (1).jpeg', 1, '2022-09-03 12:22:32', '2022-09-16 20:42:22'),
(571, '', '', '', 2, '', 0, '', 'MTIzNDU2', '', 0, '', 28, 104, 35, 'sjsnsbsj', 'sjsjsnsnchill', '18/9/2022', '7979404846', 'chill@gmail.com', 'images/20220929T055026132Z197832/IMG-20220927-WA0004.jpg', '898695956564', 'images/20220929T055026131Z615942/Screenshot_2022-07-26-16-21-27-343_com.example.tvishasystem.jpg', 1, '2022-09-29 11:20:26', '2022-09-29 11:20:26'),
(573, '', '', '', 2, '', 0, '', 'MTIzNDU2', '', 0, '', 8, 106, 16, 'mohan', 'kumar', '30/9/2022', '8553358225', 'mohan123@gmail.com', 'images/20220929T094952164Z325272/1664444923244.jpg', '968522255555', 'images/20220929T094952163Z926520/Screenshot_2022-09-28-16-45-05-596_com.android.chrome.jpg', 1, '2022-09-29 15:19:52', '2022-09-29 15:19:52'),
(574, '', '', '', 2, '', 0, '', 'MTIzNDU2', '', 0, '', 28, 110, 35, 'vvjj', 'yhh', '30/9/2022', '8863533556', 'bh@gmail.com', 'images/20220929T103610605Z071846/1664447740398.jpg', '852333558555', 'images/20220929T103610605Z076483/Screenshot_2022-09-28-16-45-05-596_com.android.chrome.jpg', 1, '2022-09-29 16:06:11', '2022-09-29 16:06:11'),
(575, '', '', '', 2, '', 0, '', 'MTIzNDU2', '', 0, '', 29, 111, 1, 'gg', 'gg', '30/9/2022', '8536563553', 'vg@gm.in', 'images/20220929T105531293Z968385/Screenshot_2022-09-28-16-45-05-596_com.android.chrome.jpg', '958333558635', 'images/20220929T105531292Z756632/Screenshot_2022-09-28-16-45-05-596_com.android.chrome.jpg', 1, '2022-09-29 16:25:31', '2022-09-29 16:25:31'),
(544, '', '', '', 2, '', 0, '', 'df291fe84c0aaee4c70cafbef4bea48f', '2544579172222652', 0, '', 10, 10, 16, 'akash', 'kumar', '01/02/2013', '9856320152', 'akaashpsss@gmail.com', 'images/20220917T051612219Z063794/bird2.jpg', '98563201474', 'images/20220917T051612219Z789317/bird1.jpg', 1, '2022-09-03 12:22:32', '2022-09-17 10:46:12'),
(545, '', '', '', 2, '', 0, '', 'ff69e6013717e26222da9f6e42ec4a79', '5418139155176378', 0, '', 10, 73, 16, 'fvdbrrhv', 'ssveveveee', '4/9/2022', '6885112222', 'dvvdrgecef@gmail.com', 'images/20220917T052056000Z776528/IMG_20220911_002032.jpg', '484859595929', 'images/20220917T052056000Z884025/IMG-20220915-WA0003.jpg', 1, '2022-09-03 12:22:32', '2022-09-17 10:50:56'),
(546, '', '', '', 2, '', 0, '', 'VHZpc2hAMTIz', '1464435412566842', 0, '1234', 24, 80, 0, 'Bharatt', 'kumar', '8/9/2022', '9467979764', 'bharat1234@gmail.com', 'images/20220917T063240642Z323441/1663396304146.jpg', '946735102648', 'images/20220917T063240641Z953402/1663342697369.jpg', 1, '2022-09-03 12:22:32', '2022-09-17 12:02:41'),
(547, '', '', '', 2, '', 0, '', 'e8c1da120c8baf3f0c5f54908ef48631', '1465491689649631', 0, '', 24, 80, 0, 'Bhhg', 'bhg', '18/9/2022', '8556368366', 'dushyanth.yadav.rasapollu@gmail.com', 'images/20220917T064723384Z725526/1663397190195.jpg', '885636699555', 'images/20220917T064723383Z649078/1663342697369.jpg', 1, '2022-09-03 12:22:32', '2022-09-17 12:17:23'),
(548, '', '', '', 2, '', 0, '', 'a97de133cdb6fdc3b08ba502560b8e29', '9863516109447639', 0, '', 24, 80, 0, 'Dushyanth ', 'yadav', '5/9/2022', '9897949461', 'dushyanth321@gmail.com', 'images/20220917T070351217Z947564/1663398168301.jpg', '613795349724', 'images/20220917T070351217Z778046/1663342676163.jpg', 1, '2022-09-03 12:22:32', '2022-09-17 12:33:51'),
(549, '', '', '', 2, '', 0, '', 'ef548571faa05698ecc058c7764d0c30', '4663277371185349', 0, '', 6, 83, 0, 'bhhh', 'vgg', '24/9/2022', '9685663336', 'dushyanth.yadavgggg.rasapollu@gmail.com', 'images/20220917T100740396Z237519/Screenshot_20240917-132424_Arogya Pradhan.jpg', '966553333336', 'images/20220917T100740394Z392577/1663402218156.jpg', 1, '2022-09-03 12:22:32', '2022-09-17 15:37:40'),
(550, '', '', '', 2, '', 0, '', '34e146f2c5ca6b4f7ca58cfe4210af28', '1265825652322273', 0, '', 25, 87, 0, 'Sushanth', 'kumar', '17/9/2022', '9467949434', 'sushanth@gmail.com', 'images/20220917T130457371Z795460/1663419837585.jpg', '976154619497', 'images/20220917T130457370Z687047/Screenshot_20220912-154410.jpg', 1, '2022-09-03 12:22:32', '2022-09-17 18:34:57'),
(551, '', '', '', 2, '', 0, '', '3785e7015092dad15c8b5bfe6c26a5b0', '5342144747609805', 0, '', 25, 87, 0, 'Dushyanth', 'yadav', '14/9/2022', '9764979463', 'dush@gmail.com', 'images/20220917T133219704Z585547/1663421496088.jpg', '946494649494', 'images/20220917T133219704Z731575/Screenshot_20220915-192546_Property Maama.jpg', 1, '2022-09-03 12:22:32', '2022-09-17 19:02:20'),
(552, '', '', '', 2, '', 0, '', 'e8ff4f1efde0ceb04a084b575884d913', '3190186216267217', 0, '', 25, 87, 0, 'Jagdish', 'kumar', '15/9/2022', '9437649494', 'jag@gmail.com', 'images/20220917T135517772Z640850/1663422865483.jpg', '943464946437', 'images/20220917T135517771Z733472/1661856467_e2c7d60490dbc2ed9152.jpg', 1, '2022-09-03 12:22:32', '2022-09-17 19:25:18'),
(576, '', '', '', 2, '', 0, '', 'MTIzNDU2', '', 0, '', 32, 117, 41, 'sruuu', 'kumar', '13/9/2022', '6764649494', 'sruu@gmail.com', 'images/20220930T045352264Z940050/1664513580926.jpg', '649464949494', 'images/20220930T045352263Z624945/Screenshot_20240917-132442_Arogya Pradhan.jpg', 1, '2022-09-30 10:23:52', '2022-09-30 10:23:52'),
(577, '', '', '', 2, '', 0, '', 'QmhhcmF0QDEyMzQ1Ng==', '', 0, '1234', 28, 104, 35, 'mister', 'hshsj', '18/9/2022', '8989464664', 'habihi@gmail.com', 'images/20220930T055907933Z361253/IMG_20220922_223734.jpg', '895959564646', 'images/20220930T055907928Z012009/IMG_20220922_223734.jpg', 1, '2022-09-30 11:29:08', '2022-09-30 11:29:08'),
(578, '', '', '', 2, '', 0, '', 'MTIzNDU2', '', 0, '', 32, 117, 41, 'Akash', 'kumar', '5/9/2022', '6494649794', 'akash@gmail.com', 'images/20220930T060117474Z859979/1664517649365.jpg', '646494649794', 'images/20220930T060117473Z561319/Screenshot_20240917-132442_Arogya Pradhan.jpg', 1, '2022-09-30 11:31:17', '2022-09-30 11:31:17'),
(579, '', '', '', 2, '', 0, '', 'QmhhcmF0QDEyMzQ1Ng==', '', 0, '1234', 33, 125, 1, 'bhhh', 'kuuu', '28/9/2022', '9683333666', 'jhhhh@hotmail.com', 'images/20220930T095417428Z035666/1664531607200.jpg', '935666336666', 'images/20220930T095417428Z606768/images (5).jpeg', 1, '2022-09-30 15:24:17', '2022-09-30 15:24:17'),
(580, '', '', '', 2, '', 0, '', 'MTIzNDU2', '', 0, '', 33, 125, 1, 'testerrr', 'sssrrr', '29/9/2022', '8533365333', 'bhh@hotmail.com', 'images/20220930T095944621Z590851/images (5).jpeg', '983926522353', 'images/20220930T095944620Z920918/IMG_20220922_121856.jpg', 1, '2022-09-30 15:29:45', '2022-09-30 15:29:45'),
(581, '', '', '', 2, '', 0, '', 'MTIzNDU2', '', 0, '', 31, 114, 1, 'ttt', 'kkk', '29/9/2022', '9955335555', 'bhh@gmail.com', 'images/20220930T113104382Z495706/1664537398999.jpg', '998635533666', 'images/20220930T113104379Z864686/instagram_1663424058452.jpg', 1, '2022-09-30 17:01:04', '2022-09-30 17:01:04'),
(582, '', '', '', 2, '', 0, '', 'QmhhcmF0QDEyMzQ1Ng==', '', 0, '1234', 32, 130, 1, 'nghh', 'gghh', '29/9/2022', '9283556986', 'bhttt@gmail.com', 'images/20220930T113728329Z203436/1664537807535.jpg', '935635336666', 'images/20220930T113728329Z316706/IMG_20220831_181319.jpg', 1, '2022-09-30 17:07:28', '2022-09-30 17:07:28'),
(583, '', '', '', 2, '', 0, '', 'MTIzNDU2', '', 0, '', 8, 106, 16, 'gfgqfed', 'dsgdfgdgdfg', '10/10/2000', '5656566123', 'gsgd@gmail.com', 'images/20221011T132812369Z952534/pg.png', '988946441655', 'images/20221011T132812369Z434073/music.png', 1, '2022-10-11 18:58:12', '2022-10-11 18:58:12'),
(584, '', '', '', 2, '', 0, '', 'MTIzNDU2', '', 0, '', 10, 73, 16, 'xjkdxnk', 'jckxndndmd', '2/10/2022', '6889898989', 'xhjxnnxxnxn@gmail.com', 'images/20221011T142232803Z281790/IMG_20220820_221836874.jpg', '866898989898', 'images/20221011T142232798Z917911/IMG_20220820_221836874.jpg', 1, '2022-10-11 19:52:33', '2022-10-11 19:52:33'),
(586, '', '', '', 2, '', 0, '', 'MTIzNDU2', '', 0, '', 36, 140, 49, 'arsh', 'fssgdfh', '10/10/2000', '7894654125', 'gk@gmail.com', 'images/20221018T063906350Z335155/INSTAGRAM.png', '99984684654548', 'images/20221018T063906350Z576505/p4.jpeg', 1, '2022-10-18 12:09:06', '2022-10-18 12:09:06'),
(587, '', '', '', 2, '', 0, '', 'MTIzNDU2', '', 0, '', 10, 73, 16, 'hsjsshs', 'cjjddndjd', '16/10/2023', '8698599595', 'djsj26@gmail.com', 'images/20221018T064420400Z857192/IMG_20220820_221836874.jpg', '859595656656', 'images/20221018T064420399Z242099/IMG_20221011_173317392.jpg', 1, '2022-10-18 12:14:20', '2022-10-18 12:14:20'),
(588, '', '', '', 2, '', 0, '', 'MTIzNDU2', '', 0, '', 10, 73, 16, 'xhdjjdj', 'dhsjsbsh', '1/10/2023', '8659959595', 'shjs@gmail.com', 'images/20221018T064617030Z124539/IMG_20220820_221836874.jpg', '868949949494', 'images/20221018T064617030Z332970/IMG_20220820_221836874.jpg', 1, '2022-10-18 12:16:17', '2022-10-18 12:16:17'),
(589, '', '', '', 2, '', 0, '', 'MTIzNDU2', '', 0, '', 36, 140, 49, 'rajgshs', 'kumar', '20/10/2022', '9632584545', 'raju@gmail.com', 'images/20221018T065745087Z862957/Title (1).jpg', '586546466645', 'images/20221018T065745086Z619690/1666076186198.jpg', 1, '2022-10-18 12:27:45', '2022-10-18 12:27:45'),
(590, '', '', '', 2, '', 0, '', 'MTIzNDU2', '', 0, '', 38, 142, 52, 'vizag', 'user', '21/10/2022', '9654237875', 'vizagU@gmail.com', 'images/20221018T142628039Z981544/1666103132415.jpg', '645686488488', 'images/20221018T142628039Z996155/1666103179611.jpg', 1, '2022-10-18 19:56:28', '2022-10-18 19:56:28'),
(591, '', '', '', 2, '', 0, '', 'QmhhcmF0QDEyMzQ1Ng==', '', 0, '1234', 39, 147, 53, 'bghh', 'bgghh', '20/10/2022', '8533866965', 'bhar1235@gmail.com', 'images/20221019T051428249Z019018/1666156389538.jpg', '825336356666', 'images/20221019T051428249Z431355/1811705957_receipt.jpg', 1, '2022-10-19 10:44:28', '2022-10-19 10:44:28'),
(592, '', '', '', 2, '', 0, '', 'QmhhcmF0QDEyMzQ1Ng==', '', 0, '1234', 40, 149, 54, 'bhhcgfggbhhcgfgg', 'ghhh', '20/10/2022', '6352563666', 'hgh@hotmail.com', 'images/20221019T063348016Z017017/1666161191085.jpg', '555555558336', 'images/20221019T063348015Z875090/1811705957_receipt.jpg', 1, '2022-10-19 12:03:48', '2022-10-19 12:03:48'),
(593, '', '', '', 2, '', 0, '', 'MTIzNDU2', '', 0, '', 40, 149, 54, 'gtfg', 'gghh', '20/10/2022', '6555869896', 'gggv@ggb.com', 'images/20221019T063512479Z332460/1666161287945.jpg', '852253395286', 'images/20221019T063512478Z149541/1811705957_receipt.jpg', 1, '2022-10-19 12:05:12', '2022-10-19 12:05:12'),
(594, '', '', '', 2, '', 0, '', 'MTIzNDU2', '', 0, '', 40, 149, 54, 'bhffff', 'hg', '20/10/2022', '6652896666', 'bhgghhggg4567@gmail.com', 'images/20221019T063732815Z307443/1666161423150.jpg', '985662558566', 'images/20221019T063732815Z378555/1811705957_receipt.jpg', 1, '2022-10-19 12:07:33', '2022-10-19 12:07:33'),
(595, '', '', '', 2, '', 0, '', 'MTIzNDU2', '', 0, '', 40, 154, 54, 'gghh', 'ggy', '23/10/2022', '95553683', 'gggv124456@ggb.com', 'images/20221019T130045856Z351557/1666443597862.jpg', '638255228533', 'images/20221019T130045855Z611259/IMG_20220830_144831.jpg', 1, '2022-10-19 18:30:46', '2022-10-19 18:30:46'),
(596, '', '', '', 2, '', 0, '', 'MTIzNDU2', '', 0, '', 35, 10, 16, 'puri', 'jaganadhu', '01/02/2013', '9875000001', 'puri123@gmail.com', 'images/20221020T063315031Z516301/download (1).jpeg', '98565201474', 'images/20221020T063315028Z619378/nodejsPic.jpg', 2, '2022-10-20 12:03:15', '2022-10-20 12:03:15'),
(597, '', '', '', 2, '', 0, '', 'MTIzNDU2', '', 0, '', 35, 10, 16, 'puri', 'jaganadhu', '01/02/2013', '9875000001', 'puri123@gmail.com', 'images/20221020T063342294Z493266/download (1).jpeg', '98565201474', 'images/20221020T063342294Z968957/nodejsPic.jpg', 2, '2022-10-20 12:03:42', '2022-10-20 12:03:42'),
(598, '', '', '', 2, '', 0, '', 'MTIzNDU2', '', 0, '', 35, 10, 16, 'puri', 'jaganadhu', '01/02/2013', '9875000001', 'puri123@gmail.com', 'images/20221020T063859412Z056668/download (1).jpeg', '98565201474', 'images/20221020T063859408Z208095/nodejsPic.jpg', 2, '2022-10-20 12:08:59', '2022-10-20 12:08:59'),
(599, '', '', '', 2, '', 0, '', 'MTIzNDU2', '', 0, '', 35, 10, 16, 'puri', 'jaganadhu', '01/02/2013', '9875000001', 'puri123@gmail.com', 'images/20221020T064309350Z523619/download (1).jpeg', '98565201474', 'images/20221020T064309345Z549959/nodejsPic.jpg', 2, '2022-10-20 12:13:09', '2022-10-20 12:13:09'),
(600, '', '', '', 2, '', 0, '', 'MTIzNDU2', '', 0, '', 35, 10, 16, 'puri', 'jaganadhu', '01/02/2013', '9875000001', 'puri123@gmail.com', 'images/20221020T064430004Z139069/download (1).jpeg', '9856520144345', 'images/20221020T064430000Z052687/nodejsPic.jpg', 2, '2022-10-20 12:14:30', '2022-10-20 12:14:30'),
(601, '', '', '', 2, '', 0, '', 'MTIzNDU2', '', 0, '', 35, 10, 16, 'puri', 'jaganadhu', '01/02/2013', '9875000001', 'puri123@gmail.com', 'images/20221020T064540575Z627681/download (1).jpeg', '9856520144345', 'images/20221020T064540574Z993290/nodejsPic.jpg', 2, '2022-10-20 12:15:41', '2022-10-20 12:15:41'),
(602, '', '', '', 2, '', 0, '', 'MTIzNDU2', '', 0, '', 35, 10, 16, 'puri', 'jaganadhu', '01/02/2013', '9875000001', 'puri123@gmail.com', 'images/20221020T064545050Z383912/download (1).jpeg', '9856520144345', 'images/20221020T064545046Z805667/nodejsPic.jpg', 2, '2022-10-20 12:15:45', '2022-10-20 12:15:45'),
(603, '', '', '', 2, '', 0, '', 'MTIzNDU2', '', 0, '', 35, 10, 16, 'puri', 'jaganadhu', '01/02/2013', '9875000001', 'puri123@gmail.com', 'images/20221020T064545885Z594297/download (1).jpeg', '9856520144345', 'images/20221020T064545883Z740192/nodejsPic.jpg', 2, '2022-10-20 12:15:46', '2022-10-20 12:15:46'),
(604, '', '', '', 2, '', 0, '', 'MTIzNDU2', '', 0, '', 35, 10, 16, 'puri', 'jaganadhu', '01/02/2013', '9875000001', 'puri123@gmail.com', 'images/20221020T064546376Z446662/download (1).jpeg', '9856520144345', 'images/20221020T064546374Z038907/nodejsPic.jpg', 2, '2022-10-20 12:15:46', '2022-10-20 12:15:46'),
(605, '', '', '', 2, '', 0, '', 'MTIzNDU2', '', 0, '', 35, 10, 16, 'puri', 'jaganadhu', '01/02/2013', '9875000001', 'puri123@gmail.com', 'images/20221020T064546632Z334155/download (1).jpeg', '9856520144345', 'images/20221020T064546630Z303624/nodejsPic.jpg', 2, '2022-10-20 12:15:47', '2022-10-20 12:15:47'),
(606, '', '', '', 2, '', 0, '', 'MTIzNDU2', '', 0, '', 35, 10, 16, 'puri', 'jaganadhu', '01/02/2013', '9875000001', 'puri123@gmail.com', 'images/20221020T064546802Z336297/download (1).jpeg', '9856520144345', 'images/20221020T064546802Z349558/nodejsPic.jpg', 2, '2022-10-20 12:15:47', '2022-10-20 12:15:47'),
(607, '', '', '', 2, '', 0, '', 'MTIzNDU2', '', 0, '', 35, 10, 16, 'puri', 'jaganadhu', '01/02/2013', '9875000001', 'puri123@gmail.com', 'images/20221020T064546975Z920107/download (1).jpeg', '9856520144345', 'images/20221020T064546973Z233721/nodejsPic.jpg', 2, '2022-10-20 12:15:47', '2022-10-20 12:15:47'),
(608, '', '', '', 2, '', 0, '', 'MTIzNDU2', '', 0, '', 35, 10, 16, 'puri', 'jaganadhu', '01/02/2013', '9875000001', 'puri123@gmail.com', 'images/20221020T064652419Z929706/download (1).jpeg', '9856520144345', 'images/20221020T064652416Z184669/nodejsPic.jpg', 2, '2022-10-20 12:16:52', '2022-10-20 12:16:52'),
(609, '', '', '', 2, '', 0, '', 'MTIzNDU2', '', 0, '', 35, 10, 16, 'puri', 'jaganadhu', '01/02/2013', '9875000001', 'puri123@gmail.com', 'images/20221020T064818510Z880106/download (1).jpeg', '9856520144345', 'images/20221020T064818506Z653883/nodejsPic.jpg', 2, '2022-10-20 12:18:19', '2022-10-20 12:18:19'),
(610, '', '', '', 2, '', 0, '', 'MTIzNDU2', '', 0, '', 35, 10, 16, 'puri', 'jaganadhu', '01/02/2013', '9875000001', 'puri123@gmail.com', 'images/20221020T064824610Z666139/download (1).jpeg', '9856520144345', 'images/20221020T064824610Z754610/nodejsPic.jpg', 2, '2022-10-20 12:18:25', '2022-10-20 12:18:25'),
(611, '', '', '', 2, '', 0, '', 'MTIzNDU2', '', 0, '', 35, 10, 16, 'puri', 'jaganadhu', '01/02/2013', '9875000001', 'puri123@gmail.com', 'images/20221020T065003639Z754959/download (1).jpeg', '9856520144345', 'images/20221020T065003637Z038933/nodejsPic.jpg', 2, '2022-10-20 12:20:04', '2022-10-20 12:20:04'),
(612, '', '', '', 2, '', 0, '', 'MTIzNDU2', '', 0, '', 35, 10, 16, 'puri', 'jaganadhu', '01/02/2013', '987500000', 'puri12@gmail.com', 'images/20221020T065134580Z229821/download (1).jpeg', '98565201443', 'images/20221020T065134579Z201975/download (1).jpeg', 1, '2022-10-20 12:21:35', '2022-10-20 12:21:35'),
(613, '', '', '', 2, '', 0, '', 'MTIzNDU2', '', 0, '', 36, 166, 49, 'dfgdgd', 'fssgdfh', '10/10/2000', '7894654145', 'gk123@gmail.com', 'images/20221021T082940331Z035638/INSTAGRAM.png', '99984684654548', 'images/20221021T082940331Z288453/p4.jpeg', 2, '2022-10-21 13:59:40', '2022-10-21 13:59:40'),
(614, '', '', '', 2, '', 0, '', 'MTIzNDU2', '', 0, '', 56, 166, 43, 'dfgdgd', 'fssgdfh', '10/10/2000', '78946541455', 'gk175523@gmail.com', 'images/20221021T083325983Z206154/INSTAGRAM.png', '999846846545898', 'images/20221021T083325982Z107857/p4.jpeg', 2, '2022-10-21 14:03:26', '2022-10-21 14:03:26'),
(615, '', '', '', 2, '', 0, '', 'MTIzNDU2', '', 0, '', 49, 156, 56, 'hffjdbfhd', 'cjdnend', '18/10/2022', '8659959595', 'jcjdbddjdj@gmail.com', 'images/20221021T085619075Z590488/IMG_20221011_173317392.jpg', '865944646431', 'images/20221021T085619073Z654653/IMG_20221011_173317392.jpg', 2, '2022-10-21 14:26:19', '2022-10-21 14:26:19'),
(616, '', '', '', 2, '', 0, '', 'MTIzNDU2', '', 0, '', 49, 156, 56, 'jxjsnssn', 'ravan', '17/10/2022', '8649494646', 'ravan@gmail.com', 'images/20221021T091602878Z536563/IMG_20221011_173317392.jpg', '865944646464', 'images/20221021T091602877Z323168/IMG_20221011_173317392.jpg', 2, '2022-10-21 14:46:03', '2022-10-21 14:46:03'),
(617, '', '', '', 2, '', 0, '', 'MTIzNDU2', '', 0, '', 49, 156, 56, 'dndjdndn', 'ncjddndnb', '19/10/2022', '9895955995', 'hxjdn@gmail.com', 'images/20221021T092052389Z770632/IMG_20221011_173317392.jpg', '889565656565', 'images/20221021T092052389Z595930/1811705957_receipt.jpg', 2, '2022-10-21 14:50:52', '2022-10-21 14:50:52'),
(618, '', '', '', 2, '', 0, '', 'MTIzNDU2', '', 0, '', 49, 156, 56, 'dfgdgd', 'fssgdfh', '10/10/2000', '78946541411', 'gk1755253@gmail.com', 'images/20221021T092619035Z584827/INSTAGRAM.png', '999846846511', 'images/20221021T092619034Z310428/p4.jpeg', 1, '2022-10-21 14:56:19', '2022-10-21 14:56:19'),
(619, '', '', '', 2, '', 0, '', 'MTIzNDU2', '', 0, '', 49, 156, 56, 'djdjd', 'cjdkekk', '10/10/2022', '8659191646', 'soa@gmail.com', 'images/20221021T092812822Z805009/IMG_20221011_173317392.jpg', '865916113133', 'images/20221021T092812821Z674340/IMG_20221011_173317392.jpg', 1, '2022-10-21 14:58:13', '2022-10-21 14:58:13'),
(620, '', '', '', 2, '', 0, '', 'MTIzNDU2', '', 0, '', 49, 156, 56, 'xndj', 'jddkeksj', '18/10/2022', '8295646464', 'zjs@gmail.com', 'images/20221021T094202198Z867658/IMG_20221011_173317392.jpg', '856565646461', 'images/20221021T094202198Z392389/IMG_20221011_173317392.jpg', 1, '2022-10-21 15:12:02', '2022-10-21 15:12:02'),
(621, '', '', '', 2, '', 0, '', 'MTIzNDU2', '', 0, '', 49, 156, 56, 'vhffbfb', 'hdbfbfgb', '25/10/2022', '9565559955', 'bdgddvdvdv@gmail.com', 'images/20221021T100315284Z748567/IMG_20221011_173317392.jpg', '956556262655', 'images/20221021T100315283Z613554/1811705957_receipt.jpg', 1, '2022-10-21 15:33:15', '2022-10-21 15:33:15'),
(622, '', '', '', 2, '', 0, '', 'MTIzNDU2', '', 0, '', 40, 154, 54, 'srujan', 'kumar', '22/10/2022', '9464949464', 'sru@gmail.com', 'images/20221021T144506199Z538788/1666363464379.jpg', '949497979797', 'images/20221021T144506198Z733119/1666363447196.jpg', 1, '2022-10-21 14:45:06', '2022-10-21 14:45:06'),
(623, '', '', '', 2, '', 0, '', 'MTIzNDU2', '', 0, '', 49, 156, 56, 'ncfjdnfn', 'ucdjdbdjdj', '17/10/2022', '8656265656', 'jxkd@gmail.com', 'images/20221021T145104964Z039646/IMG_20221011_173317392.jpg', '865643113131', 'images/20221021T145104963Z136593/IMG_20221011_173317392.jpg', 1, '2022-10-21 14:51:05', '2022-10-21 14:51:05'),
(624, '', '', '', 2, '', 0, '', 'MTIzNDU2', '', 0, '', 49, 156, 56, 'dhbffvf', 'bdhdbbvhf', '26/10/2022', '9598585559', 'bddvdvvcc@gmail.com', 'images/20221021T145520625Z182628/IMG_20221011_173317392.jpg', '958558885888', 'images/20221021T145520625Z636602/IMG_20221011_173317392.jpg', 2, '2022-10-21 14:55:21', '2022-10-21 14:55:21'),
(625, '', '', '', 2, '', 0, '', 'MTIzNDU2', '', 0, '', 49, 156, 56, 'djsjsjjs', 'cudesisi', '24/10/2022', '8431131131', 'qqpqpq@gmail.com', 'images/20221021T145737376Z157647/1811705957_receipt.jpg', '843113113131', 'images/20221021T145737375Z352163/1811705957_receipt.jpg', 2, '2022-10-21 14:57:37', '2022-10-21 14:57:37'),
(626, '', '', '', 2, '', 0, '', 'MTIzNDU2', '', 0, '', 49, 156, 56, 'djsjsjjs', 'cudesisi', '24/10/2022', '8431130000', 'qqpq3737pq@gmail.com', 'images/20221021T150047274Z922020/1811705957_receipt.jpg', '843113113000', 'images/20221021T150047274Z045421/1811705957_receipt.jpg', 2, '2022-10-21 15:00:47', '2022-10-21 15:00:47'),
(627, '', '', '', 2, '', 0, '', 'MTIzNDU2', '', 0, '', 49, 156, 56, 'dhdjdb', 'fujddjdj', '25/10/2022', '8356595656', 'fjd@gmil.com', 'images/20221021T151430066Z630867/IMG_20221011_173317392.jpg', '865946461613', 'images/20221021T151430066Z419881/1811705957_receipt.jpg', 2, '2022-10-21 15:14:30', '2022-10-21 15:14:30'),
(628, '', '', '', 2, '', 0, '', 'MTIzNDU2', '', 0, '', 49, 156, 56, 'xdjdnddndj', 'disiwi', '9/10/2022', '9134300040', 'iewopq@gmail.com', 'images/20221021T151638156Z697660/IMG_20221011_173317392.jpg', '461911616111', 'images/20221021T151638156Z706879/IMG_20221011_173317392.jpg', 2, '2022-10-21 15:16:38', '2022-10-21 15:16:38'),
(629, '', '', '', 2, '', 0, '', 'MTIzNDU2', '', 0, '', 49, 156, 56, 'dnjddnd', 'nxfkdjdj', '3/10/2022', '8656166161', 'usisjs@gmail.com', 'images/20221021T152235486Z099678/IMG_20221011_173317392.jpg', '864313313131', 'images/20221021T152235484Z686369/IMG_20220820_221836874.jpg', 2, '2022-10-21 15:22:36', '2022-10-21 15:22:36'),
(630, '', '', '', 2, '', 0, '', 'MTIzNDU2', '', 0, '', 49, 156, 56, 'xjjdndnd', 'xjdkdndj', '10/10/2022', '8643313131', 'jzoap@gmail.com', 'images/20221021T153923013Z099825/IMG_20220820_221836874.jpg', '913131616113', 'images/20221021T153923012Z367530/IMG_20220820_221836874.jpg', 2, '2022-10-21 15:39:23', '2022-10-21 15:39:23');

--
-- Indexes for dumped tables
--

--
-- Indexes for table `accounts`
--
ALTER TABLE `accounts`
  ADD PRIMARY KEY (`account_id`);

--
-- Indexes for table `agent`
--
ALTER TABLE `agent`
  ADD PRIMARY KEY (`agent_id`);

--
-- Indexes for table `b`
--
ALTER TABLE `b`
  ADD PRIMARY KEY (`billing_id`);

--
-- Indexes for table `bill_details`
--
ALTER TABLE `bill_details`
  ADD PRIMARY KEY (`bill_id`);

--
-- Indexes for table `card_data`
--
ALTER TABLE `card_data`
  ADD PRIMARY KEY (`card_id`);

--
-- Indexes for table `commission`
--
ALTER TABLE `commission`
  ADD PRIMARY KEY (`commission_id`);

--
-- Indexes for table `distributor`
--
ALTER TABLE `distributor`
  ADD PRIMARY KEY (`distributor_id`);

--
-- Indexes for table `district`
--
ALTER TABLE `district`
  ADD PRIMARY KEY (`district_id`);

--
-- Indexes for table `hospital`
--
ALTER TABLE `hospital`
  ADD PRIMARY KEY (`hospital_id`);

--
-- Indexes for table `payment`
--
ALTER TABLE `payment`
  ADD PRIMARY KEY (`id`);

--
-- Indexes for table `sessions`
--
ALTER TABLE `sessions`
  ADD PRIMARY KEY (`session_id`);

--
-- Indexes for table `tranasctions`
--
ALTER TABLE `tranasctions`
  ADD PRIMARY KEY (`transaction_id`);

--
-- Indexes for table `users`
--
ALTER TABLE `users`
  ADD PRIMARY KEY (`user_id`);

--
-- AUTO_INCREMENT for dumped tables
--

--
-- AUTO_INCREMENT for table `accounts`
--
ALTER TABLE `accounts`
  MODIFY `account_id` int NOT NULL AUTO_INCREMENT, AUTO_INCREMENT=2;

--
-- AUTO_INCREMENT for table `agent`
--
ALTER TABLE `agent`
  MODIFY `agent_id` int NOT NULL AUTO_INCREMENT, AUTO_INCREMENT=159;

--
-- AUTO_INCREMENT for table `b`
--
ALTER TABLE `b`
  MODIFY `billing_id` int NOT NULL AUTO_INCREMENT, AUTO_INCREMENT=3;

--
-- AUTO_INCREMENT for table `bill_details`
--
ALTER TABLE `bill_details`
  MODIFY `bill_id` int NOT NULL AUTO_INCREMENT, AUTO_INCREMENT=209;

--
-- AUTO_INCREMENT for table `card_data`
--
ALTER TABLE `card_data`
  MODIFY `card_id` int NOT NULL AUTO_INCREMENT, AUTO_INCREMENT=158;

--
-- AUTO_INCREMENT for table `commission`
--
ALTER TABLE `commission`
  MODIFY `commission_id` int NOT NULL AUTO_INCREMENT, AUTO_INCREMENT=5;

--
-- AUTO_INCREMENT for table `distributor`
--
ALTER TABLE `distributor`
  MODIFY `distributor_id` int NOT NULL AUTO_INCREMENT, AUTO_INCREMENT=58;

--
-- AUTO_INCREMENT for table `district`
--
ALTER TABLE `district`
  MODIFY `district_id` int NOT NULL AUTO_INCREMENT, AUTO_INCREMENT=52;

--
-- AUTO_INCREMENT for table `hospital`
--
ALTER TABLE `hospital`
  MODIFY `hospital_id` int NOT NULL AUTO_INCREMENT, AUTO_INCREMENT=434;

--
-- AUTO_INCREMENT for table `payment`
--
ALTER TABLE `payment`
  MODIFY `id` int NOT NULL AUTO_INCREMENT, AUTO_INCREMENT=154;

--
-- AUTO_INCREMENT for table `tranasctions`
--
ALTER TABLE `tranasctions`
  MODIFY `transaction_id` int NOT NULL AUTO_INCREMENT, AUTO_INCREMENT=18;

--
-- AUTO_INCREMENT for table `users`
--
ALTER TABLE `users`
  MODIFY `user_id` int NOT NULL AUTO_INCREMENT, AUTO_INCREMENT=631;
COMMIT;

/*!40101 SET CHARACTER_SET_CLIENT=@OLD_CHARACTER_SET_CLIENT */;
/*!40101 SET CHARACTER_SET_RESULTS=@OLD_CHARACTER_SET_RESULTS */;
/*!40101 SET COLLATION_CONNECTION=@OLD_COLLATION_CONNECTION */;
